EMPLEADO;ZONARUTA;RAZONSOC;DIRECCION;CODIGOCLI;FECHAMOV;ENTREGAS;DEVOLUCION;FALTANTES;SOBRANTES;VALORUNITA;COBRADO;VALORFEC;VALORCOM;NOMPU;FEPAGO;ADICIONA;RESTANTE;ENTREGO
JUAN CARLOS RENDON ESCOBAR;ZC004;TIENDA MIXTA LIMEL;CL 68 #35 75;TIELIM01;27/01/11;2;1;0;0;960;1;960;960;LA PATRIA;30/3/2011;0;0;0
JUAN CARLOS RENDON ESCOBAR;ZC004;CACHARRERIA MOLGA;CL 65 # 33-35;CACMOL01;12/01/11;0;0;0;0;960;0;0;0;LA PATRIA;30/3/2011;0;0;0
JUAN CARLOS RENDON ESCOBAR;ZC004;CACHARRERIA MOLGA;CL 65 # 33-35;CACMOL01;13/01/11;0;0;0;0;960;0;0;0;LA PATRIA;30/3/2011;0;0;0
JUAN CARLOS RENDON ESCOBAR;ZC004;CACHARRERIA MOLGA;CL 65 # 33-35;CACMOL01;19/01/11;0;0;0;0;960;0;0;0;LA PATRIA;30/3/2011;0;0;0
JUAN CARLOS RENDON ESCOBAR;ZC004;CACHARRERIA MOLGA;CL 65 # 33-35;CACMOL01;20/01/11;0;0;0;0;960;0;0;0;LA PATRIA;30/3/2011;0;0;0
JUAN CARLOS RENDON ESCOBAR;ZC004;CACHARRERIA MOLGA;CL 65 # 33-35;CACMOL01;26/01/11;0;0;0;0;960;0;0;0;LA PATRIA;30/3/2011;0;0;0
JUAN CARLOS RENDON ESCOBAR;ZC004;CACHARRERIA MOLGA;CL 65 # 33-35;CACMOL01;27/01/11;0;0;0;0;960;0;0;0;LA PATRIA;30/3/2011;0;0;0
JUAN CARLOS RENDON ESCOBAR;ZC004;MISCELANEA LA 40;CL 67A  # 40-02;TIE4001;04/01/11;0;0;0;0;960;0;0;0;LA PATRIA;30/3/2011;0;0;0
JUAN CARLOS RENDON ESCOBAR;ZC004;MISCELANEA LA 40;CL 67A  # 40-02;TIE4001;05/01/11;0;0;0;0;960;0;0;0;LA PATRIA;30/3/2011;0;0;0
JUAN CARLOS RENDON ESCOBAR;ZC004;MISCELANEA LA 40;CL 67A  # 40-02;TIE4001;06/01/11;0;0;0;0;960;0;0;0;LA PATRIA;30/3/2011;0;0;0
JUAN CARLOS RENDON ESCOBAR;ZC004;MISCELANEA LA 40;CL 67A  # 40-02;TIE4001;07/01/11;0;0;0;0;960;0;0;0;LA PATRIA;30/3/2011;0;0;0
JUAN CARLOS RENDON ESCOBAR;ZC004;MISCELANEA LA 40;CL 67A  # 40-02;TIE4001;08/01/11;0;0;0;0;960;0;0;0;LA PATRIA;30/3/2011;0;0;0
JUAN CARLOS RENDON ESCOBAR;ZC004;MISCELANEA LA 40;CL 67A  # 40-02;TIE4001;10/01/11;0;0;0;0;960;0;0;0;LA PATRIA;30/3/2011;0;0;0
JUAN CARLOS RENDON ESCOBAR;ZC004;MISCELANEA LA 40;CL 67A  # 40-02;TIE4001;11/01/11;0;0;0;0;960;0;0;0;LA PATRIA;30/3/2011;0;0;0
JUAN CARLOS RENDON ESCOBAR;ZC004;MISCELANEA LA 40;CL 67A  # 40-02;TIE4001;12/01/11;0;0;0;0;960;0;0;0;LA PATRIA;30/3/2011;0;0;0
JUAN CARLOS RENDON ESCOBAR;ZC004;MISCELANEA LA 40;CL 67A  # 40-02;TIE4001;13/01/11;0;0;0;0;960;0;0;0;LA PATRIA;30/3/2011;0;0;0
JUAN CARLOS RENDON ESCOBAR;ZC004;MISCELANEA LA 40;CL 67A  # 40-02;TIE4001;14/01/11;0;0;0;0;960;0;0;0;LA PATRIA;30/3/2011;0;0;0
JUAN CARLOS RENDON ESCOBAR;ZC004;MISCELANEA LA 40;CL 67A  # 40-02;TIE4001;15/01/11;0;0;0;0;960;0;0;0;LA PATRIA;30/3/2011;0;0;0
JUAN CARLOS RENDON ESCOBAR;ZC004;MISCELANEA LA 40;CL 67A  # 40-02;TIE4001;17/01/11;0;0;0;0;960;0;0;0;LA PATRIA;30/3/2011;0;0;0
JUAN CARLOS RENDON ESCOBAR;ZC004;MISCELANEA LA 40;CL 67A  # 40-02;TIE4001;18/01/11;0;0;0;0;960;0;0;0;LA PATRIA;30/3/2011;0;0;0
JUAN CARLOS RENDON ESCOBAR;ZC004;MISCELANEA LA 40;CL 67A  # 40-02;TIE4001;19/01/11;0;0;0;0;960;0;0;0;LA PATRIA;30/3/2011;0;0;0
JUAN CARLOS RENDON ESCOBAR;ZC004;MISCELANEA LA 40;CL 67A  # 40-02;TIE4001;20/01/11;0;0;0;0;960;0;0;0;LA PATRIA;30/3/2011;0;0;0
JUAN CARLOS RENDON ESCOBAR;ZC004;MISCELANEA LA 40;CL 67A  # 40-02;TIE4001;21/01/11;0;0;0;0;960;0;0;0;LA PATRIA;30/3/2011;0;0;0
JUAN CARLOS RENDON ESCOBAR;ZC004;MISCELANEA LA 40;CL 67A  # 40-02;TIE4001;22/01/11;0;0;0;0;960;0;0;0;LA PATRIA;30/3/2011;0;0;0
JUAN CARLOS RENDON ESCOBAR;ZC004;MISCELANEA LA 40;CL 67A  # 40-02;TIE4001;24/01/11;0;0;0;0;960;0;0;0;LA PATRIA;30/3/2011;0;0;0
JUAN CARLOS RENDON ESCOBAR;ZC004;MISCELANEA LA 40;CL 67A  # 40-02;TIE4001;25/01/11;0;0;0;0;960;0;0;0;LA PATRIA;30/3/2011;0;0;0
JUAN CARLOS RENDON ESCOBAR;ZC004;MISCELANEA LA 40;CL 67A  # 40-02;TIE4001;26/01/11;0;0;0;0;960;0;0;0;LA PATRIA;30/3/2011;0;0;0
JUAN CARLOS RENDON ESCOBAR;ZC004;MISCELANEA LA 40;CL 67A  # 40-02;TIE4001;27/01/11;0;0;0;0;960;0;0;0;LA PATRIA;30/3/2011;0;0;0
JUAN CARLOS RENDON ESCOBAR;ZC004;FERREFATIMA;CL 65 #30B 31;FERFAT01;27/01/11;1;0;0;0;960;0;0;0;LA PATRIA;30/3/2011;0;0;0
JUAN CARLOS RENDON ESCOBAR;ZC004;MISCELANEA DO�A INES;CR 35 #100-29;MISDO�01;22/01/11;3;0;0;0;960;0;0;0;LA PATRIA;30/3/2011;0;0;0
JUAN CARLOS RENDON ESCOBAR;ZC004;MISCELANEA DO�A INES;CR 35 #100-29;MISDO�01;23/01/11;18;0;0;0;2050;0;0;0;LA PATRIA;30/3/2011;0;0;0
JUAN CARLOS RENDON ESCOBAR;ZC004;MISCELANEA DO�A INES;CR 35 #100-29;MISDO�01;24/01/11;3;0;0;0;960;0;0;0;LA PATRIA;30/3/2011;0;0;0
JUAN CARLOS RENDON ESCOBAR;ZC004;MISCELANEA DO�A INES;CR 35 #100-29;MISDO�01;25/01/11;4;0;0;0;960;0;0;0;LA PATRIA;30/3/2011;0;0;0
JUAN CARLOS RENDON ESCOBAR;ZC004;MISCELANEA DO�A INES;CR 35 #100-29;MISDO�01;26/01/11;3;0;0;0;960;0;0;0;LA PATRIA;30/3/2011;0;0;0
JUAN CARLOS RENDON ESCOBAR;ZC004;MISCELANEA DO�A INES;CR 35 #100-29;MISDO�01;27/01/11;3;0;0;0;960;0;0;0;LA PATRIA;30/3/2011;0;0;0
JUAN CARLOS RENDON ESCOBAR;ZC004;MISCELANEA EL ROMBOY;MZA 45 #8 15;MISROM01;20/01/11;2;0;0;0;960;0;0;0;LA PATRIA;30/3/2011;0;0;0
JUAN CARLOS RENDON ESCOBAR;ZC004;MISCELANEA EL ROMBOY;MZA 45 #8 15;MISROM01;21/01/11;4;0;0;0;960;0;0;0;LA PATRIA;30/3/2011;0;0;0
JUAN CARLOS RENDON ESCOBAR;ZC004;MISCELANEA EL ROMBOY;MZA 45 #8 15;MISROM01;22/01/11;2;0;0;0;960;0;0;0;LA PATRIA;30/3/2011;0;0;0
JUAN CARLOS RENDON ESCOBAR;ZC004;MISCELANEA EL ROMBOY;MZA 45 #8 15;MISROM01;23/01/11;4;0;0;0;2050;0;0;0;LA PATRIA;30/3/2011;0;0;0
JUAN CARLOS RENDON ESCOBAR;ZC004;MISCELANEA EL ROMBOY;MZA 45 #8 15;MISROM01;24/01/11;2;0;0;0;960;0;0;0;LA PATRIA;30/3/2011;0;0;0
JUAN CARLOS RENDON ESCOBAR;ZC004;MISCELANEA EL ROMBOY;MZA 45 #8 15;MISROM01;25/01/11;4;0;0;0;960;0;0;0;LA PATRIA;30/3/2011;0;0;0
JUAN CARLOS RENDON ESCOBAR;ZC004;MISCELANEA EL ROMBOY;MZA 45 #8 15;MISROM01;26/01/11;2;0;0;0;960;0;0;0;LA PATRIA;30/3/2011;0;0;0
JUAN CARLOS RENDON ESCOBAR;ZC004;MISCELANEA EL ROMBOY;MZA 45 #8 15;MISROM01;27/01/11;2;0;0;0;960;0;0;0;LA PATRIA;30/3/2011;0;0;0
JUAN CARLOS RENDON ESCOBAR;ZC004;SUPERMERCADO IDEAL # 1;CL 67B # 31-15;SUPIDE01;25/01/11;2;0;0;0;960;0;0;0;LA PATRIA;30/3/2011;0;0;0
JUAN CARLOS RENDON ESCOBAR;ZC004;SUPERMERCADO IDEAL # 1;CL 67B # 31-15;SUPIDE01;26/01/11;2;0;0;0;960;0;0;0;LA PATRIA;30/3/2011;0;0;0
JUAN CARLOS RENDON ESCOBAR;ZC004;SUPERMERCADO IDEAL # 1;CL 67B # 31-15;SUPIDE01;27/01/11;2;0;0;0;960;0;0;0;LA PATRIA;30/3/2011;0;0;0
JUAN CARLOS RENDON ESCOBAR;ZC004;MISCELANEA LOS CORALES;CR 42 #67C- 07;MISCOR01;04/01/11;0;0;0;0;960;0;0;0;LA PATRIA;30/3/2011;0;0;0
JUAN CARLOS RENDON ESCOBAR;ZC004;MISCELANEA LOS CORALES;CR 42 #67C- 07;MISCOR01;05/01/11;0;0;0;0;960;0;0;0;LA PATRIA;30/3/2011;0;0;0
JUAN CARLOS RENDON ESCOBAR;ZC004;MISCELANEA LOS CORALES;CR 42 #67C- 07;MISCOR01;06/01/11;0;0;0;0;960;0;0;0;LA PATRIA;30/3/2011;0;0;0
JUAN CARLOS RENDON ESCOBAR;ZC004;MISCELANEA LOS CORALES;CR 42 #67C- 07;MISCOR01;07/01/11;0;0;0;0;960;0;0;0;LA PATRIA;30/3/2011;0;0;0
JUAN CARLOS RENDON ESCOBAR;ZC004;MISCELANEA LOS CORALES;CR 42 #67C- 07;MISCOR01;10/01/11;0;0;0;0;960;0;0;0;LA PATRIA;30/3/2011;0;0;0
JUAN CARLOS RENDON ESCOBAR;ZC004;MISCELANEA LOS CORALES;CR 42 #67C- 07;MISCOR01;11/01/11;0;0;0;0;960;0;0;0;LA PATRIA;30/3/2011;0;0;0
JUAN CARLOS RENDON ESCOBAR;ZC004;MISCELANEA LOS CORALES;CR 42 #67C- 07;MISCOR01;12/01/11;0;0;0;0;960;0;0;0;LA PATRIA;30/3/2011;0;0;0
JUAN CARLOS RENDON ESCOBAR;ZC004;MISCELANEA LOS CORALES;CR 42 #67C- 07;MISCOR01;13/01/11;0;0;0;0;960;0;0;0;LA PATRIA;30/3/2011;0;0;0
JUAN CARLOS RENDON ESCOBAR;ZC004;MISCELANEA LOS CORALES;CR 42 #67C- 07;MISCOR01;14/01/11;0;0;0;0;960;0;0;0;LA PATRIA;30/3/2011;0;0;0
JUAN CARLOS RENDON ESCOBAR;ZC004;MISCELANEA LOS CORALES;CR 42 #67C- 07;MISCOR01;17/01/11;0;0;0;0;960;0;0;0;LA PATRIA;30/3/2011;0;0;0
JUAN CARLOS RENDON ESCOBAR;ZC004;MISCELANEA LOS CORALES;CR 42 #67C- 07;MISCOR01;18/01/11;0;0;0;0;960;0;0;0;LA PATRIA;30/3/2011;0;0;0
JUAN CARLOS RENDON ESCOBAR;ZC004;MISCELANEA LOS CORALES;CR 42 #67C- 07;MISCOR01;19/01/11;0;0;0;0;960;0;0;0;LA PATRIA;30/3/2011;0;0;0
JUAN CARLOS RENDON ESCOBAR;ZC004;MISCELANEA LOS CORALES;CR 42 #67C- 07;MISCOR01;20/01/11;0;0;0;0;960;0;0;0;LA PATRIA;30/3/2011;0;0;0
JUAN CARLOS RENDON ESCOBAR;ZC004;MISCELANEA LOS CORALES;CR 42 #67C- 07;MISCOR01;21/01/11;0;0;0;0;960;0;0;0;LA PATRIA;30/3/2011;0;0;0
JUAN CARLOS RENDON ESCOBAR;ZC004;MISCELANEA LOS CORALES;CR 42 #67C- 07;MISCOR01;24/01/11;0;0;0;0;960;0;0;0;LA PATRIA;30/3/2011;0;0;0
JUAN CARLOS RENDON ESCOBAR;ZC004;MISCELANEA LOS CORALES;CR 42 #67C- 07;MISCOR01;25/01/11;0;0;0;0;960;0;0;0;LA PATRIA;30/3/2011;0;0;0
JUAN CARLOS RENDON ESCOBAR;ZC004;MISCELANEA LOS CORALES;CR 42 #67C- 07;MISCOR01;26/01/11;0;0;0;0;960;0;0;0;LA PATRIA;30/3/2011;0;0;0
JUAN CARLOS RENDON ESCOBAR;ZC004;MISCELANEA LOS CORALES;CR 42 #67C- 07;MISCOR01;27/01/11;0;0;0;0;960;0;0;0;LA PATRIA;30/3/2011;0;0;0
JUAN CARLOS RENDON ESCOBAR;ZC004;TIENDA J.2;CL 105D #32A 33;TIEJ201;21/01/11;3;0;0;0;960;0;0;0;LA PATRIA;30/3/2011;0;0;0
JUAN CARLOS RENDON ESCOBAR;ZC004;TIENDA J.2;CL 105D #32A 33;TIEJ201;22/01/11;3;0;0;0;960;0;0;0;LA PATRIA;30/3/2011;0;0;0
JUAN CARLOS RENDON ESCOBAR;ZC004;TIENDA J.2;CL 105D #32A 33;TIEJ201;23/01/11;4;0;0;0;2050;0;0;0;LA PATRIA;30/3/2011;0;0;0
JUAN CARLOS RENDON ESCOBAR;ZC004;TIENDA J.2;CL 105D #32A 33;TIEJ201;24/01/11;3;0;0;0;960;0;0;0;LA PATRIA;30/3/2011;0;0;0
JUAN CARLOS RENDON ESCOBAR;ZC004;TIENDA J.2;CL 105D #32A 33;TIEJ201;25/01/11;3;0;0;0;960;0;0;0;LA PATRIA;30/3/2011;0;0;0
JUAN CARLOS RENDON ESCOBAR;ZC004;TIENDA J.2;CL 105D #32A 33;TIEJ201;26/01/11;4;0;0;0;960;0;0;0;LA PATRIA;30/3/2011;0;0;0
JUAN CARLOS RENDON ESCOBAR;ZC004;TIENDA J.2;CL 105D #32A 33;TIEJ201;27/01/11;3;0;0;0;960;0;0;0;LA PATRIA;30/3/2011;0;0;0
JUAN CARLOS RENDON ESCOBAR;ZC004;RANCHO Y LICORES LA ENEA;KILOMETRO13 VIA AL MAGDALENA;RANLIC01;21/01/11;3;0;0;0;960;0;0;0;LA PATRIA;30/3/2011;0;0;0
JUAN CARLOS RENDON ESCOBAR;ZC004;RANCHO Y LICORES LA ENEA;KILOMETRO13 VIA AL MAGDALENA;RANLIC01;22/01/11;2;0;0;0;960;0;0;0;LA PATRIA;30/3/2011;0;0;0
JUAN CARLOS RENDON ESCOBAR;ZC004;RANCHO Y LICORES LA ENEA;KILOMETRO13 VIA AL MAGDALENA;RANLIC01;23/01/11;2;0;0;0;2050;0;0;0;LA PATRIA;30/3/2011;0;0;0
JUAN CARLOS RENDON ESCOBAR;ZC004;RANCHO Y LICORES LA ENEA;KILOMETRO13 VIA AL MAGDALENA;RANLIC01;24/01/11;2;0;0;0;960;0;0;0;LA PATRIA;30/3/2011;0;0;0
JUAN CARLOS RENDON ESCOBAR;ZC004;RANCHO Y LICORES LA ENEA;KILOMETRO13 VIA AL MAGDALENA;RANLIC01;25/01/11;3;0;0;0;960;0;0;0;LA PATRIA;30/3/2011;0;0;0
JUAN CARLOS RENDON ESCOBAR;ZC004;RANCHO Y LICORES LA ENEA;KILOMETRO13 VIA AL MAGDALENA;RANLIC01;26/01/11;2;0;0;0;960;0;0;0;LA PATRIA;30/3/2011;0;0;0
JUAN CARLOS RENDON ESCOBAR;ZC004;RANCHO Y LICORES LA ENEA;KILOMETRO13 VIA AL MAGDALENA;RANLIC01;27/01/11;2;0;0;0;960;0;0;0;LA PATRIA;30/3/2011;0;0;0
JUAN CARLOS RENDON ESCOBAR;ZC004;HECTOR BERRIO SUAREZ;CR 35A # 100C - 08;HECBER01;21/01/11;4;0;0;0;960;0;0;0;LA PATRIA;30/3/2011;0;0;0
JUAN CARLOS RENDON ESCOBAR;ZC004;HECTOR BERRIO SUAREZ;CR 35A # 100C - 08;HECBER01;22/01/11;5;0;0;0;960;0;0;0;LA PATRIA;30/3/2011;0;0;0
JUAN CARLOS RENDON ESCOBAR;ZC004;HECTOR BERRIO SUAREZ;CR 35A # 100C - 08;HECBER01;23/01/11;20;0;0;0;2050;0;0;0;LA PATRIA;30/3/2011;0;0;0
JUAN CARLOS RENDON ESCOBAR;ZC004;HECTOR BERRIO SUAREZ;CR 35A # 100C - 08;HECBER01;24/01/11;3;0;0;0;960;0;0;0;LA PATRIA;30/3/2011;0;0;0
JUAN CARLOS RENDON ESCOBAR;ZC004;HECTOR BERRIO SUAREZ;CR 35A # 100C - 08;HECBER01;25/01/11;4;0;0;0;960;0;0;0;LA PATRIA;30/3/2011;0;0;0
JUAN CARLOS RENDON ESCOBAR;ZC004;HECTOR BERRIO SUAREZ;CR 35A # 100C - 08;HECBER01;26/01/11;3;0;0;0;960;0;0;0;LA PATRIA;30/3/2011;0;0;0
JUAN CARLOS RENDON ESCOBAR;ZC004;HECTOR BERRIO SUAREZ;CR 35A # 100C - 08;HECBER01;27/01/11;3;0;0;0;960;0;0;0;LA PATRIA;30/3/2011;0;0;0
JUAN CARLOS RENDON ESCOBAR;ZC004;VARIEDADES SAMY;CL 3A #11A 22;VARSAM01;10/01/11;0;0;0;0;960;0;0;0;LA PATRIA;30/3/2011;0;0;0
JUAN CARLOS RENDON ESCOBAR;ZC004;VARIEDADES SAMY;CL 3A #11A 22;VARSAM01;11/01/11;0;0;0;0;960;0;0;0;LA PATRIA;30/3/2011;0;0;0
JUAN CARLOS RENDON ESCOBAR;ZC004;VARIEDADES SAMY;CL 3A #11A 22;VARSAM01;12/01/11;0;0;0;0;960;0;0;0;LA PATRIA;30/3/2011;0;0;0
JUAN CARLOS RENDON ESCOBAR;ZC004;VARIEDADES SAMY;CL 3A #11A 22;VARSAM01;13/01/11;0;0;0;0;960;0;0;0;LA PATRIA;30/3/2011;0;0;0
JUAN CARLOS RENDON ESCOBAR;ZC004;VARIEDADES SAMY;CL 3A #11A 22;VARSAM01;14/01/11;0;0;0;0;960;0;0;0;LA PATRIA;30/3/2011;0;0;0
JUAN CARLOS RENDON ESCOBAR;ZC004;VARIEDADES SAMY;CL 3A #11A 22;VARSAM01;15/01/11;0;0;0;0;960;0;0;0;LA PATRIA;30/3/2011;0;0;0
JUAN CARLOS RENDON ESCOBAR;ZC004;VARIEDADES SAMY;CL 3A #11A 22;VARSAM01;24/01/11;0;0;0;0;960;0;0;0;LA PATRIA;30/3/2011;0;0;0
JUAN CARLOS RENDON ESCOBAR;ZC004;VARIEDADES SAMY;CL 3A #11A 22;VARSAM01;25/01/11;0;0;0;0;960;0;0;0;LA PATRIA;30/3/2011;0;0;0
JUAN CARLOS RENDON ESCOBAR;ZC004;VARIEDADES SAMY;CL 3A #11A 22;VARSAM01;26/01/11;0;0;0;0;960;0;0;0;LA PATRIA;30/3/2011;0;0;0
JUAN CARLOS RENDON ESCOBAR;ZC004;VARIEDADES SAMY;CL 3A #11A 22;VARSAM01;27/01/11;0;0;0;0;960;0;0;0;LA PATRIA;30/3/2011;0;0;0
JUAN CARLOS RENDON ESCOBAR;ZC004;CAFETERIA AVENIDA SANTANDER;CR 23 # 55-01;CAFAVE01;23/01/11;0;0;0;0;2050;0;0;0;LA PATRIA;30/3/2011;0;0;0
JUAN CARLOS RENDON ESCOBAR;ZC004;CAFETERIA AVENIDA SANTANDER;CR 23 # 55-01;CAFAVE01;24/01/11;2;0;0;0;960;0;0;0;LA PATRIA;30/3/2011;0;0;0
JUAN CARLOS RENDON ESCOBAR;ZC004;CAFETERIA AVENIDA SANTANDER;CR 23 # 55-01;CAFAVE01;25/01/11;4;0;0;0;960;0;0;0;LA PATRIA;30/3/2011;0;0;0
JUAN CARLOS RENDON ESCOBAR;ZC004;CAFETERIA AVENIDA SANTANDER;CR 23 # 55-01;CAFAVE01;26/01/11;2;0;0;0;960;0;0;0;LA PATRIA;30/3/2011;0;0;0
JUAN CARLOS RENDON ESCOBAR;ZC004;CAFETERIA AVENIDA SANTANDER;CR 23 # 55-01;CAFAVE01;27/01/11;2;0;0;0;960;0;0;0;LA PATRIA;30/3/2011;0;0;0
JUAN CARLOS RENDON ESCOBAR;ZC004;MISCELANEA BELENCITO;CR 24 A # 55 B - 47;MISBEL02;24/01/11;2;0;0;0;960;0;0;0;LA PATRIA;30/3/2011;0;0;0
JUAN CARLOS RENDON ESCOBAR;ZC004;MISCELANEA BELENCITO;CR 24 A # 55 B - 47;MISBEL02;25/01/11;2;0;0;0;960;0;0;0;LA PATRIA;30/3/2011;0;0;0
JUAN CARLOS RENDON ESCOBAR;ZC004;MISCELANEA BELENCITO;CR 24 A # 55 B - 47;MISBEL02;26/01/11;2;0;0;0;960;0;0;0;LA PATRIA;30/3/2011;0;0;0
JUAN CARLOS RENDON ESCOBAR;ZC004;MISCELANEA BELENCITO;CR 24 A # 55 B - 47;MISBEL02;27/01/11;2;0;0;0;960;0;0;0;LA PATRIA;30/3/2011;0;0;0
JUAN CARLOS RENDON ESCOBAR;ZC004;MISCELANEA GOMEZ;CR 35 # 99 A - 05;MISGOM02;21/01/11;2;0;0;0;960;0;0;0;LA PATRIA;30/3/2011;0;0;0
JUAN CARLOS RENDON ESCOBAR;ZC004;MISCELANEA GOMEZ;CR 35 # 99 A - 05;MISGOM02;22/01/11;2;0;0;0;960;0;0;0;LA PATRIA;30/3/2011;0;0;0
JUAN CARLOS RENDON ESCOBAR;ZC004;MISCELANEA GOMEZ;CR 35 # 99 A - 05;MISGOM02;23/01/11;2;0;0;0;2050;0;0;0;LA PATRIA;30/3/2011;0;0;0
JUAN CARLOS RENDON ESCOBAR;ZC004;MISCELANEA GOMEZ;CR 35 # 99 A - 05;MISGOM02;24/01/11;2;0;0;0;960;0;0;0;LA PATRIA;30/3/2011;0;0;0
JUAN CARLOS RENDON ESCOBAR;ZC004;MISCELANEA GOMEZ;CR 35 # 99 A - 05;MISGOM02;25/01/11;2;0;0;0;960;0;0;0;LA PATRIA;30/3/2011;0;0;0
JUAN CARLOS RENDON ESCOBAR;ZC004;MISCELANEA GOMEZ;CR 35 # 99 A - 05;MISGOM02;26/01/11;2;0;0;0;960;0;0;0;LA PATRIA;30/3/2011;0;0;0
JUAN CARLOS RENDON ESCOBAR;ZC004;MISCELANEA GOMEZ;CR 35 # 99 A - 05;MISGOM02;27/01/11;2;0;0;0;960;0;0;0;LA PATRIA;30/3/2011;0;0;0
JUAN CARLOS RENDON ESCOBAR;ZC004;CACHARRERIA LA MISCELANEA JOSE ARIS;CL 9 # 5-60;CACMIS01;26/01/11;2;0;0;0;960;0;0;0;LA PATRIA;30/3/2011;0;0;0
JUAN CARLOS RENDON ESCOBAR;ZC004;CACHARRERIA LA MISCELANEA JOSE ARIS;CL 9 # 5-60;CACMIS01;27/01/11;2;0;0;0;960;0;0;0;LA PATRIA;30/3/2011;0;0;0
JUAN CARLOS RENDON ESCOBAR;ZC004;MISCELANEA LA DE TODOS;CR 34 # 107A-34;MISTOD02;04/01/11;0;0;0;0;960;0;0;0;LA PATRIA;30/3/2011;0;0;0
JUAN CARLOS RENDON ESCOBAR;ZC004;MISCELANEA LA DE TODOS;CR 34 # 107A-34;MISTOD02;05/01/11;0;0;0;0;960;0;0;0;LA PATRIA;30/3/2011;0;0;0
JUAN CARLOS RENDON ESCOBAR;ZC004;MISCELANEA LA DE TODOS;CR 34 # 107A-34;MISTOD02;06/01/11;0;0;0;0;960;0;0;0;LA PATRIA;30/3/2011;0;0;0
JUAN CARLOS RENDON ESCOBAR;ZC004;MISCELANEA LA DE TODOS;CR 34 # 107A-34;MISTOD02;07/01/11;0;0;0;0;960;0;0;0;LA PATRIA;30/3/2011;0;0;0
JUAN CARLOS RENDON ESCOBAR;ZC004;MISCELANEA LA DE TODOS;CR 34 # 107A-34;MISTOD02;08/01/11;0;0;0;0;960;0;0;0;LA PATRIA;30/3/2011;0;0;0
JUAN CARLOS RENDON ESCOBAR;ZC004;MISCELANEA LA DE TODOS;CR 34 # 107A-34;MISTOD02;10/01/11;0;0;0;0;960;0;0;0;LA PATRIA;30/3/2011;0;0;0
JUAN CARLOS RENDON ESCOBAR;ZC004;MISCELANEA LA DE TODOS;CR 34 # 107A-34;MISTOD02;11/01/11;0;0;0;0;960;0;0;0;LA PATRIA;30/3/2011;0;0;0
JUAN CARLOS RENDON ESCOBAR;ZC004;MISCELANEA LA DE TODOS;CR 34 # 107A-34;MISTOD02;12/01/11;0;0;0;0;960;0;0;0;LA PATRIA;30/3/2011;0;0;0
JUAN CARLOS RENDON ESCOBAR;ZC004;MISCELANEA LA DE TODOS;CR 34 # 107A-34;MISTOD02;13/01/11;0;0;0;0;960;0;0;0;LA PATRIA;30/3/2011;0;0;0
JUAN CARLOS RENDON ESCOBAR;ZC004;MISCELANEA LA DE TODOS;CR 34 # 107A-34;MISTOD02;14/01/11;0;0;0;0;960;0;0;0;LA PATRIA;30/3/2011;0;0;0
JUAN CARLOS RENDON ESCOBAR;ZC004;MISCELANEA LA DE TODOS;CR 34 # 107A-34;MISTOD02;15/01/11;0;0;0;0;960;0;0;0;LA PATRIA;30/3/2011;0;0;0
JUAN CARLOS RENDON ESCOBAR;ZC004;MISCELANEA LA DE TODOS;CR 34 # 107A-34;MISTOD02;17/01/11;0;0;0;0;960;0;0;0;LA PATRIA;30/3/2011;0;0;0
JUAN CARLOS RENDON ESCOBAR;ZC004;MISCELANEA LA DE TODOS;CR 34 # 107A-34;MISTOD02;18/01/11;0;0;0;0;960;0;0;0;LA PATRIA;30/3/2011;0;0;0
JUAN CARLOS RENDON ESCOBAR;ZC004;MISCELANEA LA DE TODOS;CR 34 # 107A-34;MISTOD02;19/01/11;0;0;0;0;960;0;0;0;LA PATRIA;30/3/2011;0;0;0
JUAN CARLOS RENDON ESCOBAR;ZC004;MISCELANEA LA DE TODOS;CR 34 # 107A-34;MISTOD02;20/01/11;0;0;0;0;960;0;0;0;LA PATRIA;30/3/2011;0;0;0
JUAN CARLOS RENDON ESCOBAR;ZC004;MISCELANEA LA DE TODOS;CR 34 # 107A-34;MISTOD02;21/01/11;0;0;0;0;960;0;0;0;LA PATRIA;30/3/2011;0;0;0
JUAN CARLOS RENDON ESCOBAR;ZC004;MISCELANEA LA DE TODOS;CR 34 # 107A-34;MISTOD02;22/01/11;0;0;0;0;960;0;0;0;LA PATRIA;30/3/2011;0;0;0
JUAN CARLOS RENDON ESCOBAR;ZC004;MISCELANEA LA DE TODOS;CR 34 # 107A-34;MISTOD02;23/01/11;6;0;0;0;2050;0;0;0;LA PATRIA;30/3/2011;0;0;0
JUAN CARLOS RENDON ESCOBAR;ZC004;MISCELANEA LA DE TODOS;CR 34 # 107A-34;MISTOD02;24/01/11;0;0;0;0;960;0;0;0;LA PATRIA;30/3/2011;0;0;0
JUAN CARLOS RENDON ESCOBAR;ZC004;MISCELANEA LA DE TODOS;CR 34 # 107A-34;MISTOD02;25/01/11;0;0;0;0;960;0;0;0;LA PATRIA;30/3/2011;0;0;0
JUAN CARLOS RENDON ESCOBAR;ZC004;MISCELANEA LA DE TODOS;CR 34 # 107A-34;MISTOD02;26/01/11;0;0;0;0;960;0;0;0;LA PATRIA;30/3/2011;0;0;0
JUAN CARLOS RENDON ESCOBAR;ZC004;MISCELANEA LA DE TODOS;CR 34 # 107A-34;MISTOD02;27/01/11;0;0;0;0;960;0;0;0;LA PATRIA;30/3/2011;0;0;0
JUAN CARLOS RENDON ESCOBAR;ZC004;HERNANDO HOYOS SANCHEZ;CL 54B #13A-57 V/HERMOSA-CASA-;HERHOY01;10/01/11;0;0;0;0;960;0;0;0;LA PATRIA;30/3/2011;0;0;0
JUAN CARLOS RENDON ESCOBAR;ZC004;HERNANDO HOYOS SANCHEZ;CL 54B #13A-57 V/HERMOSA-CASA-;HERHOY01;11/01/11;0;0;0;0;960;0;0;0;LA PATRIA;30/3/2011;0;0;0
JUAN CARLOS RENDON ESCOBAR;ZC004;HERNANDO HOYOS SANCHEZ;CL 54B #13A-57 V/HERMOSA-CASA-;HERHOY01;12/01/11;0;0;0;0;960;0;0;0;LA PATRIA;30/3/2011;0;0;0
JUAN CARLOS RENDON ESCOBAR;ZC004;HERNANDO HOYOS SANCHEZ;CL 54B #13A-57 V/HERMOSA-CASA-;HERHOY01;13/01/11;0;0;0;0;960;0;0;0;LA PATRIA;30/3/2011;0;0;0
JUAN CARLOS RENDON ESCOBAR;ZC004;HERNANDO HOYOS SANCHEZ;CL 54B #13A-57 V/HERMOSA-CASA-;HERHOY01;14/01/11;0;0;0;0;960;0;0;0;LA PATRIA;30/3/2011;0;0;0
JUAN CARLOS RENDON ESCOBAR;ZC004;HERNANDO HOYOS SANCHEZ;CL 54B #13A-57 V/HERMOSA-CASA-;HERHOY01;15/01/11;0;0;0;0;960;0;0;0;LA PATRIA;30/3/2011;0;0;0
JUAN CARLOS RENDON ESCOBAR;ZC004;HERNANDO HOYOS SANCHEZ;CL 54B #13A-57 V/HERMOSA-CASA-;HERHOY01;17/01/11;0;0;0;0;960;0;0;0;LA PATRIA;30/3/2011;0;0;0
JUAN CARLOS RENDON ESCOBAR;ZC004;HERNANDO HOYOS SANCHEZ;CL 54B #13A-57 V/HERMOSA-CASA-;HERHOY01;18/01/11;0;0;0;0;960;0;0;0;LA PATRIA;30/3/2011;0;0;0
JUAN CARLOS RENDON ESCOBAR;ZC004;HERNANDO HOYOS SANCHEZ;CL 54B #13A-57 V/HERMOSA-CASA-;HERHOY01;19/01/11;0;0;0;0;960;0;0;0;LA PATRIA;30/3/2011;0;0;0
JUAN CARLOS RENDON ESCOBAR;ZC004;HERNANDO HOYOS SANCHEZ;CL 54B #13A-57 V/HERMOSA-CASA-;HERHOY01;20/01/11;0;0;0;0;960;0;0;0;LA PATRIA;30/3/2011;0;0;0
JUAN CARLOS RENDON ESCOBAR;ZC004;HERNANDO HOYOS SANCHEZ;CL 54B #13A-57 V/HERMOSA-CASA-;HERHOY01;21/01/11;0;0;0;0;960;0;0;0;LA PATRIA;30/3/2011;0;0;0
JUAN CARLOS RENDON ESCOBAR;ZC004;HERNANDO HOYOS SANCHEZ;CL 54B #13A-57 V/HERMOSA-CASA-;HERHOY01;22/01/11;0;0;0;0;960;0;0;0;LA PATRIA;30/3/2011;0;0;0
JUAN CARLOS RENDON ESCOBAR;ZC004;HERNANDO HOYOS SANCHEZ;CL 54B #13A-57 V/HERMOSA-CASA-;HERHOY01;24/01/11;0;0;0;0;960;0;0;0;LA PATRIA;30/3/2011;0;0;0
JUAN CARLOS RENDON ESCOBAR;ZC004;HERNANDO HOYOS SANCHEZ;CL 54B #13A-57 V/HERMOSA-CASA-;HERHOY01;25/01/11;0;0;0;0;960;0;0;0;LA PATRIA;30/3/2011;0;0;0
JUAN CARLOS RENDON ESCOBAR;ZC004;HERNANDO HOYOS SANCHEZ;CL 54B #13A-57 V/HERMOSA-CASA-;HERHOY01;26/01/11;0;0;0;0;960;0;0;0;LA PATRIA;30/3/2011;0;0;0
JUAN CARLOS RENDON ESCOBAR;ZC004;HERNANDO HOYOS SANCHEZ;CL 54B #13A-57 V/HERMOSA-CASA-;HERHOY01;27/01/11;0;0;0;0;960;0;0;0;LA PATRIA;30/3/2011;0;0;0
JUAN CARLOS RENDON ESCOBAR;ZC004;RAPITIENDA EL CRUCERITO;CR 5 #12 02;RAPCRU01;26/01/11;2;0;0;0;960;0;0;0;LA PATRIA;30/3/2011;0;0;0
JUAN CARLOS RENDON ESCOBAR;ZC004;RAPITIENDA EL CRUCERITO;CR 5 #12 02;RAPCRU01;27/01/11;2;0;0;0;960;0;0;0;LA PATRIA;30/3/2011;0;0;0
JUAN CARLOS RENDON ESCOBAR;ZC004;PANADERIA EL GRAN BU�UELO;CR 35 # 99A-99;PANGRA01;21/01/11;4;0;0;0;960;0;0;0;LA PATRIA;30/3/2011;0;0;0
JUAN CARLOS RENDON ESCOBAR;ZC004;PANADERIA EL GRAN BU�UELO;CR 35 # 99A-99;PANGRA01;22/01/11;3;0;0;0;960;0;0;0;LA PATRIA;30/3/2011;0;0;0
JUAN CARLOS RENDON ESCOBAR;ZC004;PANADERIA EL GRAN BU�UELO;CR 35 # 99A-99;PANGRA01;23/01/11;9;0;0;0;2050;0;0;0;LA PATRIA;30/3/2011;0;0;0
JUAN CARLOS RENDON ESCOBAR;ZC004;PANADERIA EL GRAN BU�UELO;CR 35 # 99A-99;PANGRA01;24/01/11;2;0;0;0;960;0;0;0;LA PATRIA;30/3/2011;0;0;0
JUAN CARLOS RENDON ESCOBAR;ZC004;PANADERIA EL GRAN BU�UELO;CR 35 # 99A-99;PANGRA01;25/01/11;4;0;0;0;960;0;0;0;LA PATRIA;30/3/2011;0;0;0
JUAN CARLOS RENDON ESCOBAR;ZC004;PANADERIA EL GRAN BU�UELO;CR 35 # 99A-99;PANGRA01;26/01/11;2;0;0;0;960;0;0;0;LA PATRIA;30/3/2011;0;0;0
JUAN CARLOS RENDON ESCOBAR;ZC004;PANADERIA EL GRAN BU�UELO;CR 35 # 99A-99;PANGRA01;27/01/11;2;0;0;0;960;0;0;0;LA PATRIA;30/3/2011;0;0;0
JUAN CARLOS RENDON ESCOBAR;ZC004;PAPELERIA BELEN;CR 23 # 54-53;PAPBEL01;24/01/11;1;0;0;0;960;0;0;0;LA PATRIA;30/3/2011;0;0;0
JUAN CARLOS RENDON ESCOBAR;ZC004;PAPELERIA BELEN;CR 23 # 54-53;PAPBEL01;25/01/11;1;0;0;0;960;0;0;0;LA PATRIA;30/3/2011;0;0;0
JUAN CARLOS RENDON ESCOBAR;ZC004;PAPELERIA BELEN;CR 23 # 54-53;PAPBEL01;26/01/11;1;0;0;0;960;0;0;0;LA PATRIA;30/3/2011;0;0;0
JUAN CARLOS RENDON ESCOBAR;ZC004;PAPELERIA BELEN;CR 23 # 54-53;PAPBEL01;27/01/11;1;0;0;0;960;0;0;0;LA PATRIA;30/3/2011;0;0;0
JUAN CARLOS RENDON ESCOBAR;ZC004;MISCELANEA VAKALU;CL 7 # 1-50;MISVAK01;27/01/11;2;0;0;0;960;0;0;0;LA PATRIA;30/3/2011;0;0;0
JUAN CARLOS RENDON ESCOBAR;ZC004;DROGUERIA CASA ROJA;CR 32 # 104A-15;DROCAS02;21/01/11;2;0;0;0;960;0;0;0;LA PATRIA;30/3/2011;0;0;0
JUAN CARLOS RENDON ESCOBAR;ZC004;DROGUERIA CASA ROJA;CR 32 # 104A-15;DROCAS02;22/01/11;2;0;0;0;960;0;0;0;LA PATRIA;30/3/2011;0;0;0
JUAN CARLOS RENDON ESCOBAR;ZC004;DROGUERIA CASA ROJA;CR 32 # 104A-15;DROCAS02;23/01/11;3;0;0;0;2050;0;0;0;LA PATRIA;30/3/2011;0;0;0
JUAN CARLOS RENDON ESCOBAR;ZC004;DROGUERIA CASA ROJA;CR 32 # 104A-15;DROCAS02;24/01/11;2;0;0;0;960;0;0;0;LA PATRIA;30/3/2011;0;0;0
JUAN CARLOS RENDON ESCOBAR;ZC004;DROGUERIA CASA ROJA;CR 32 # 104A-15;DROCAS02;25/01/11;2;0;0;0;960;0;0;0;LA PATRIA;30/3/2011;0;0;0
JUAN CARLOS RENDON ESCOBAR;ZC004;DROGUERIA CASA ROJA;CR 32 # 104A-15;DROCAS02;26/01/11;2;0;0;0;960;0;0;0;LA PATRIA;30/3/2011;0;0;0
JUAN CARLOS RENDON ESCOBAR;ZC004;DROGUERIA CASA ROJA;CR 32 # 104A-15;DROCAS02;27/01/11;2;0;0;0;960;0;0;0;LA PATRIA;30/3/2011;0;0;0
JUAN CARLOS RENDON ESCOBAR;ZC004;COMERCIALIZADORA RUDA;LA FLORIDA VARIANTE AL SEMINAR;COMRUD01;10/01/11;0;0;0;0;960;0;0;0;LA PATRIA;30/3/2011;0;0;0
JUAN CARLOS RENDON ESCOBAR;ZC004;COMERCIALIZADORA RUDA;LA FLORIDA VARIANTE AL SEMINAR;COMRUD01;11/01/11;0;0;0;0;960;0;0;0;LA PATRIA;30/3/2011;0;0;0
JUAN CARLOS RENDON ESCOBAR;ZC004;COMERCIALIZADORA RUDA;LA FLORIDA VARIANTE AL SEMINAR;COMRUD01;12/01/11;0;0;0;0;960;0;0;0;LA PATRIA;30/3/2011;0;0;0
JUAN CARLOS RENDON ESCOBAR;ZC004;COMERCIALIZADORA RUDA;LA FLORIDA VARIANTE AL SEMINAR;COMRUD01;13/01/11;0;0;0;0;960;0;0;0;LA PATRIA;30/3/2011;0;0;0
JUAN CARLOS RENDON ESCOBAR;ZC004;COMERCIALIZADORA RUDA;LA FLORIDA VARIANTE AL SEMINAR;COMRUD01;14/01/11;0;0;0;0;960;0;0;0;LA PATRIA;30/3/2011;0;0;0
JUAN CARLOS RENDON ESCOBAR;ZC004;COMERCIALIZADORA RUDA;LA FLORIDA VARIANTE AL SEMINAR;COMRUD01;17/01/11;0;0;0;0;960;0;0;0;LA PATRIA;30/3/2011;0;0;0
JUAN CARLOS RENDON ESCOBAR;ZC004;COMERCIALIZADORA RUDA;LA FLORIDA VARIANTE AL SEMINAR;COMRUD01;18/01/11;0;0;0;0;960;0;0;0;LA PATRIA;30/3/2011;0;0;0
JUAN CARLOS RENDON ESCOBAR;ZC004;COMERCIALIZADORA RUDA;LA FLORIDA VARIANTE AL SEMINAR;COMRUD01;19/01/11;0;0;0;0;960;0;0;0;LA PATRIA;30/3/2011;0;0;0
JUAN CARLOS RENDON ESCOBAR;ZC004;COMERCIALIZADORA RUDA;LA FLORIDA VARIANTE AL SEMINAR;COMRUD01;20/01/11;0;0;0;0;960;0;0;0;LA PATRIA;30/3/2011;0;0;0
JUAN CARLOS RENDON ESCOBAR;ZC004;COMERCIALIZADORA RUDA;LA FLORIDA VARIANTE AL SEMINAR;COMRUD01;21/01/11;0;0;0;0;960;0;0;0;LA PATRIA;30/3/2011;0;0;0
JUAN CARLOS RENDON ESCOBAR;ZC004;COMERCIALIZADORA RUDA;LA FLORIDA VARIANTE AL SEMINAR;COMRUD01;22/01/11;2;0;0;0;960;0;0;0;LA PATRIA;30/3/2011;0;0;0
JUAN CARLOS RENDON ESCOBAR;ZC004;COMERCIALIZADORA RUDA;LA FLORIDA VARIANTE AL SEMINAR;COMRUD01;23/01/11;7;0;0;0;2050;0;0;0;LA PATRIA;30/3/2011;0;0;0
JUAN CARLOS RENDON ESCOBAR;ZC004;COMERCIALIZADORA RUDA;LA FLORIDA VARIANTE AL SEMINAR;COMRUD01;24/01/11;0;0;0;0;960;0;0;0;LA PATRIA;30/3/2011;0;0;0
JUAN CARLOS RENDON ESCOBAR;ZC004;COMERCIALIZADORA RUDA;LA FLORIDA VARIANTE AL SEMINAR;COMRUD01;25/01/11;0;0;0;0;960;0;0;0;LA PATRIA;30/3/2011;0;0;0
JUAN CARLOS RENDON ESCOBAR;ZC004;COMERCIALIZADORA RUDA;LA FLORIDA VARIANTE AL SEMINAR;COMRUD01;26/01/11;0;0;0;0;960;0;0;0;LA PATRIA;30/3/2011;0;0;0
JUAN CARLOS RENDON ESCOBAR;ZC004;COMERCIALIZADORA RUDA;LA FLORIDA VARIANTE AL SEMINAR;COMRUD01;27/01/11;0;0;0;0;960;0;0;0;LA PATRIA;30/3/2011;0;0;0
JUAN CARLOS RENDON ESCOBAR;ZC004;CASETA EL TRAILER;CL 3A # 18-28;CASTRA01;24/01/11;3;0;0;0;960;0;0;0;LA PATRIA;30/3/2011;0;0;0
JUAN CARLOS RENDON ESCOBAR;ZC004;CASETA EL TRAILER;CL 3A # 18-28;CASTRA01;25/01/11;3;0;0;0;960;0;0;0;LA PATRIA;30/3/2011;0;0;0
JUAN CARLOS RENDON ESCOBAR;ZC004;CASETA EL TRAILER;CL 3A # 18-28;CASTRA01;26/01/11;3;0;0;0;960;0;0;0;LA PATRIA;30/3/2011;0;0;0
JUAN CARLOS RENDON ESCOBAR;ZC004;CASETA EL TRAILER;CL 3A # 18-28;CASTRA01;27/01/11;3;0;0;0;960;0;0;0;LA PATRIA;30/3/2011;0;0;0
JUAN CARLOS RENDON ESCOBAR;ZC004;DROGAS LA PRINCIPAL;CL 68 #39-42;DROPRI01;04/01/11;0;0;0;0;960;0;0;0;LA PATRIA;30/3/2011;0;0;0
JUAN CARLOS RENDON ESCOBAR;ZC004;DROGAS LA PRINCIPAL;CL 68 #39-42;DROPRI01;05/01/11;0;0;0;0;960;0;0;0;LA PATRIA;30/3/2011;0;0;0
JUAN CARLOS RENDON ESCOBAR;ZC004;DROGAS LA PRINCIPAL;CL 68 #39-42;DROPRI01;06/01/11;0;0;0;0;960;0;0;0;LA PATRIA;30/3/2011;0;0;0
JUAN CARLOS RENDON ESCOBAR;ZC004;DROGAS LA PRINCIPAL;CL 68 #39-42;DROPRI01;07/01/11;0;0;0;0;960;0;0;0;LA PATRIA;30/3/2011;0;0;0
JUAN CARLOS RENDON ESCOBAR;ZC004;DROGAS LA PRINCIPAL;CL 68 #39-42;DROPRI01;17/01/11;0;0;0;0;960;0;0;0;LA PATRIA;30/3/2011;0;0;0
JUAN CARLOS RENDON ESCOBAR;ZC004;DROGAS LA PRINCIPAL;CL 68 #39-42;DROPRI01;18/01/11;0;0;0;0;960;0;0;0;LA PATRIA;30/3/2011;0;0;0
JUAN CARLOS RENDON ESCOBAR;ZC004;DROGAS LA PRINCIPAL;CL 68 #39-42;DROPRI01;19/01/11;0;0;0;0;960;0;0;0;LA PATRIA;30/3/2011;0;0;0
JUAN CARLOS RENDON ESCOBAR;ZC004;DROGAS LA PRINCIPAL;CL 68 #39-42;DROPRI01;20/01/11;0;0;0;0;960;0;0;0;LA PATRIA;30/3/2011;0;0;0
JUAN CARLOS RENDON ESCOBAR;ZC004;DROGAS LA PRINCIPAL;CL 68 #39-42;DROPRI01;21/01/11;0;0;0;0;960;0;0;0;LA PATRIA;30/3/2011;0;0;0
JUAN CARLOS RENDON ESCOBAR;ZC004;DROGAS LA PRINCIPAL;CL 68 #39-42;DROPRI01;22/01/11;2;0;0;0;960;0;0;0;LA PATRIA;30/3/2011;0;0;0
JUAN CARLOS RENDON ESCOBAR;ZC004;DROGAS LA PRINCIPAL;CL 68 #39-42;DROPRI01;23/01/11;3;0;0;0;2050;0;0;0;LA PATRIA;30/3/2011;0;0;0
JUAN CARLOS RENDON ESCOBAR;ZC004;DROGAS LA PRINCIPAL;CL 68 #39-42;DROPRI01;24/01/11;0;0;0;0;960;0;0;0;LA PATRIA;30/3/2011;0;0;0
JUAN CARLOS RENDON ESCOBAR;ZC004;DROGAS LA PRINCIPAL;CL 68 #39-42;DROPRI01;25/01/11;0;0;0;0;960;0;0;0;LA PATRIA;30/3/2011;0;0;0
JUAN CARLOS RENDON ESCOBAR;ZC004;DROGAS LA PRINCIPAL;CL 68 #39-42;DROPRI01;26/01/11;0;0;0;0;960;0;0;0;LA PATRIA;30/3/2011;0;0;0
JUAN CARLOS RENDON ESCOBAR;ZC004;DROGAS LA PRINCIPAL;CL 68 #39-42;DROPRI01;27/01/11;0;0;0;0;960;0;0;0;LA PATRIA;30/3/2011;0;0;0
JUAN CARLOS RENDON ESCOBAR;ZC004;CASETA DE PRENSA;CALLE 5A. # 3-55;CASPRE01;26/01/11;3;0;0;0;960;0;0;0;LA PATRIA;30/3/2011;0;0;0
JUAN CARLOS RENDON ESCOBAR;ZC004;CASETA DE PRENSA;CALLE 5A. # 3-55;CASPRE01;27/01/11;3;0;0;0;960;0;0;0;LA PATRIA;30/3/2011;0;0;0
JUAN CARLOS RENDON ESCOBAR;ZC004;AUTOSERVICIO LA VILLA Y MAS;CL 6 # 4-52;AUTVIL02;04/01/11;0;0;0;0;960;0;0;0;LA PATRIA;30/3/2011;0;0;0
JUAN CARLOS RENDON ESCOBAR;ZC004;AUTOSERVICIO LA VILLA Y MAS;CL 6 # 4-52;AUTVIL02;05/01/11;0;0;0;0;960;0;0;0;LA PATRIA;30/3/2011;0;0;0
JUAN CARLOS RENDON ESCOBAR;ZC004;AUTOSERVICIO LA VILLA Y MAS;CL 6 # 4-52;AUTVIL02;06/01/11;0;0;0;0;960;0;0;0;LA PATRIA;30/3/2011;0;0;0
JUAN CARLOS RENDON ESCOBAR;ZC004;AUTOSERVICIO LA VILLA Y MAS;CL 6 # 4-52;AUTVIL02;07/01/11;0;0;0;0;960;0;0;0;LA PATRIA;30/3/2011;0;0;0
JUAN CARLOS RENDON ESCOBAR;ZC004;AUTOSERVICIO LA VILLA Y MAS;CL 6 # 4-52;AUTVIL02;08/01/11;0;0;0;0;960;0;0;0;LA PATRIA;30/3/2011;0;0;0
JUAN CARLOS RENDON ESCOBAR;ZC004;AUTOSERVICIO LA VILLA Y MAS;CL 6 # 4-52;AUTVIL02;17/01/11;0;0;0;0;960;0;0;0;LA PATRIA;30/3/2011;0;0;0
JUAN CARLOS RENDON ESCOBAR;ZC004;AUTOSERVICIO LA VILLA Y MAS;CL 6 # 4-52;AUTVIL02;18/01/11;0;0;0;0;960;0;0;0;LA PATRIA;30/3/2011;0;0;0
JUAN CARLOS RENDON ESCOBAR;ZC004;AUTOSERVICIO LA VILLA Y MAS;CL 6 # 4-52;AUTVIL02;19/01/11;0;0;0;0;960;0;0;0;LA PATRIA;30/3/2011;0;0;0
JUAN CARLOS RENDON ESCOBAR;ZC004;AUTOSERVICIO LA VILLA Y MAS;CL 6 # 4-52;AUTVIL02;20/01/11;0;0;0;0;960;0;0;0;LA PATRIA;30/3/2011;0;0;0
JUAN CARLOS RENDON ESCOBAR;ZC004;AUTOSERVICIO LA VILLA Y MAS;CL 6 # 4-52;AUTVIL02;21/01/11;0;0;0;0;960;0;0;0;LA PATRIA;30/3/2011;0;0;0
JUAN CARLOS RENDON ESCOBAR;ZC004;AUTOSERVICIO LA VILLA Y MAS;CL 6 # 4-52;AUTVIL02;22/01/11;0;0;0;0;960;0;0;0;LA PATRIA;30/3/2011;0;0;0
JUAN CARLOS RENDON ESCOBAR;ZC004;AUTOSERVICIO LA VILLA Y MAS;CL 6 # 4-52;AUTVIL02;23/01/11;2;0;0;0;2050;0;0;0;LA PATRIA;30/3/2011;0;0;0
JUAN CARLOS RENDON ESCOBAR;ZC004;AUTOSERVICIO LA VILLA Y MAS;CL 6 # 4-52;AUTVIL02;24/01/11;0;0;0;0;960;0;0;0;LA PATRIA;30/3/2011;0;0;0
JUAN CARLOS RENDON ESCOBAR;ZC004;AUTOSERVICIO LA VILLA Y MAS;CL 6 # 4-52;AUTVIL02;25/01/11;0;0;0;0;960;0;0;0;LA PATRIA;30/3/2011;0;0;0
JUAN CARLOS RENDON ESCOBAR;ZC004;AUTOSERVICIO LA VILLA Y MAS;CL 6 # 4-52;AUTVIL02;26/01/11;0;0;0;0;960;0;0;0;LA PATRIA;30/3/2011;0;0;0
JUAN CARLOS RENDON ESCOBAR;ZC004;AUTOSERVICIO LA VILLA Y MAS;CL 6 # 4-52;AUTVIL02;27/01/11;0;0;0;0;960;0;0;0;LA PATRIA;30/3/2011;0;0;0
JUAN CARLOS RENDON ESCOBAR;ZC004;DROGUERIA REINEL;CR 35 # 102 A - 72;DROREI01;21/01/11;2;0;0;0;960;0;0;0;LA PATRIA;30/3/2011;0;0;0
JUAN CARLOS RENDON ESCOBAR;ZC004;DROGUERIA REINEL;CR 35 # 102 A - 72;DROREI01;22/01/11;2;0;0;0;960;0;0;0;LA PATRIA;30/3/2011;0;0;0
JUAN CARLOS RENDON ESCOBAR;ZC004;DROGUERIA REINEL;CR 35 # 102 A - 72;DROREI01;23/01/11;5;0;0;0;2050;0;0;0;LA PATRIA;30/3/2011;0;0;0
JUAN CARLOS RENDON ESCOBAR;ZC004;DROGUERIA REINEL;CR 35 # 102 A - 72;DROREI01;24/01/11;2;0;0;0;960;0;0;0;LA PATRIA;30/3/2011;0;0;0
JUAN CARLOS RENDON ESCOBAR;ZC004;DROGUERIA REINEL;CR 35 # 102 A - 72;DROREI01;25/01/11;2;0;0;0;960;0;0;0;LA PATRIA;30/3/2011;0;0;0
JUAN CARLOS RENDON ESCOBAR;ZC004;DROGUERIA REINEL;CR 35 # 102 A - 72;DROREI01;26/01/11;2;0;0;0;960;0;0;0;LA PATRIA;30/3/2011;0;0;0
JUAN CARLOS RENDON ESCOBAR;ZC004;DROGUERIA REINEL;CR 35 # 102 A - 72;DROREI01;27/01/11;2;0;0;0;960;0;0;0;LA PATRIA;30/3/2011;0;0;0
JUAN CARLOS RENDON ESCOBAR;ZC004;TIENDA LA PUERTA;CR 30C #65 63;TIEPUE01;26/01/11;3;0;0;0;960;0;0;0;LA PATRIA;30/3/2011;0;0;0
JUAN CARLOS RENDON ESCOBAR;ZC004;TIENDA LA PUERTA;CR 30C #65 63;TIEPUE01;27/01/11;3;0;0;0;960;0;0;0;LA PATRIA;30/3/2011;0;0;0
JUAN CARLOS RENDON ESCOBAR;ZC004;TIENDA MIXTA MINCHO;CL 69A  # 42-11;TIEHER02;25/01/11;4;0;0;0;960;0;0;0;LA PATRIA;30/3/2011;0;0;0
JUAN CARLOS RENDON ESCOBAR;ZC004;TIENDA MIXTA MINCHO;CL 69A  # 42-11;TIEHER02;26/01/11;3;0;0;0;960;0;0;0;LA PATRIA;30/3/2011;0;0;0
JUAN CARLOS RENDON ESCOBAR;ZC004;TIENDA MIXTA MINCHO;CL 69A  # 42-11;TIEHER02;27/01/11;3;0;0;0;960;0;0;0;LA PATRIA;30/3/2011;0;0;0
JUAN CARLOS RENDON ESCOBAR;ZC004;GOTITAS DE SABOR;CL 105C #30A 39 ENEA PART  ALT;GOTSAB01;04/01/11;0;0;0;0;960;0;0;0;LA PATRIA;30/3/2011;0;0;0
JUAN CARLOS RENDON ESCOBAR;ZC004;GOTITAS DE SABOR;CL 105C #30A 39 ENEA PART  ALT;GOTSAB01;05/01/11;0;0;0;0;960;0;0;0;LA PATRIA;30/3/2011;0;0;0
JUAN CARLOS RENDON ESCOBAR;ZC004;GOTITAS DE SABOR;CL 105C #30A 39 ENEA PART  ALT;GOTSAB01;06/01/11;0;0;0;0;960;0;0;0;LA PATRIA;30/3/2011;0;0;0
JUAN CARLOS RENDON ESCOBAR;ZC004;MISCELANEA DON VICTOR;CR 5 # 7-12;MISVIC01;15/01/11;4;0;0;0;960;0;0;0;LA PATRIA;30/3/2011;0;0;0
JUAN CARLOS RENDON ESCOBAR;ZC004;MISCELANEA DON VICTOR;CR 5 # 7-12;MISVIC01;16/01/11;7;0;0;0;2050;0;0;0;LA PATRIA;30/3/2011;0;0;0
JUAN CARLOS RENDON ESCOBAR;ZC004;MISCELANEA DON VICTOR;CR 5 # 7-12;MISVIC01;17/01/11;3;0;0;0;960;0;0;0;LA PATRIA;30/3/2011;0;0;0
JUAN CARLOS RENDON ESCOBAR;ZC004;MISCELANEA DON VICTOR;CR 5 # 7-12;MISVIC01;18/01/11;6;0;0;0;960;0;0;0;LA PATRIA;30/3/2011;0;0;0
JUAN CARLOS RENDON ESCOBAR;ZC004;MISCELANEA DON VICTOR;CR 5 # 7-12;MISVIC01;19/01/11;3;0;0;0;960;0;0;0;LA PATRIA;30/3/2011;0;0;0
JUAN CARLOS RENDON ESCOBAR;ZC004;MISCELANEA DON VICTOR;CR 5 # 7-12;MISVIC01;20/01/11;3;0;0;0;960;0;0;0;LA PATRIA;30/3/2011;0;0;0
JUAN CARLOS RENDON ESCOBAR;ZC004;MISCELANEA DON VICTOR;CR 5 # 7-12;MISVIC01;21/01/11;6;0;0;0;960;0;0;0;LA PATRIA;30/3/2011;0;0;0
JUAN CARLOS RENDON ESCOBAR;ZC004;MISCELANEA DON VICTOR;CR 5 # 7-12;MISVIC01;22/01/11;4;0;0;0;960;0;0;0;LA PATRIA;30/3/2011;0;0;0
JUAN CARLOS RENDON ESCOBAR;ZC004;MISCELANEA DON VICTOR;CR 5 # 7-12;MISVIC01;23/01/11;7;0;0;0;2050;0;0;0;LA PATRIA;30/3/2011;0;0;0
JUAN CARLOS RENDON ESCOBAR;ZC004;MISCELANEA DON VICTOR;CR 5 # 7-12;MISVIC01;24/01/11;3;0;0;0;960;0;0;0;LA PATRIA;30/3/2011;0;0;0
JUAN CARLOS RENDON ESCOBAR;ZC004;MISCELANEA DON VICTOR;CR 5 # 7-12;MISVIC01;25/01/11;6;0;0;0;960;0;0;0;LA PATRIA;30/3/2011;0;0;0
JUAN CARLOS RENDON ESCOBAR;ZC004;MISCELANEA DON VICTOR;CR 5 # 7-12;MISVIC01;26/01/11;3;0;0;0;960;0;0;0;LA PATRIA;30/3/2011;0;0;0
JUAN CARLOS RENDON ESCOBAR;ZC004;MISCELANEA DON VICTOR;CR 5 # 7-12;MISVIC01;27/01/11;3;0;0;0;960;0;0;0;LA PATRIA;30/3/2011;0;0;0
JUAN CARLOS RENDON ESCOBAR;ZC004;TIENDA MIXTA LIMEL;CL 68 #35 75;TIELIM01;07/03/2011;6;0;0;0;525;0;0;0;Q HUBO;30/03/2011;0;0;0
JUAN CARLOS RENDON ESCOBAR;ZC004;TIENDA MIXTA LIMEL;CL 68 #35 75;TIELIM01;08/03/2011;6;0;0;0;525;0;0;0;Q HUBO;30/03/2011;0;0;0
JUAN CARLOS RENDON ESCOBAR;ZC004;TIENDA MIXTA LIMEL;CL 68 #35 75;TIELIM01;09/03/2011;6;0;0;0;525;0;0;0;Q HUBO;30/03/2011;0;0;0
JUAN CARLOS RENDON ESCOBAR;ZC004;MISCELANEA LA 40;CL 67A  # 40-02 MALABAR;TIE4001;08/03/2011;7;0;0;0;525;0;0;0;Q HUBO;30/03/2011;0;0;0
JUAN CARLOS RENDON ESCOBAR;ZC004;MISCELANEA LA 40;CL 67A  # 40-02 MALABAR;TIE4001;09/03/2011;7;0;0;0;525;0;0;0;Q HUBO;30/03/2011;0;0;0
JUAN CARLOS RENDON ESCOBAR;ZC004;TIENDA URAPANES;CL 10 # 1B -02;TIEURA01;03/03/2011;5;0;0;0;525;0;0;0;Q HUBO;30/03/2011;0;0;0
JUAN CARLOS RENDON ESCOBAR;ZC004;TIENDA URAPANES;CL 10 # 1B -02;TIEURA01;04/03/2011;5;0;0;0;525;0;0;0;Q HUBO;30/03/2011;0;0;0
JUAN CARLOS RENDON ESCOBAR;ZC004;TIENDA URAPANES;CL 10 # 1B -02;TIEURA01;05/03/2011;8;0;0;0;800;0;0;0;Q HUBO;30/03/2011;0;0;0
JUAN CARLOS RENDON ESCOBAR;ZC004;TIENDA URAPANES;CL 10 # 1B -02;TIEURA01;07/03/2011;5;0;0;0;525;0;0;0;Q HUBO;30/03/2011;0;0;0
JUAN CARLOS RENDON ESCOBAR;ZC004;TIENDA URAPANES;CL 10 # 1B -02;TIEURA01;08/03/2011;5;0;0;0;525;0;0;0;Q HUBO;30/03/2011;0;0;0
JUAN CARLOS RENDON ESCOBAR;ZC004;TIENDA URAPANES;CL 10 # 1B -02;TIEURA01;09/03/2011;5;0;0;0;525;0;0;0;Q HUBO;30/03/2011;0;0;0
JUAN CARLOS RENDON ESCOBAR;ZC004;MISCELANEA DO�A INES;CR 35 #100-29;MISDO�01;04/03/2011;30;0;0;0;525;0;0;0;Q HUBO;30/03/2011;0;0;0
JUAN CARLOS RENDON ESCOBAR;ZC004;MISCELANEA DO�A INES;CR 35 #100-29;MISDO�01;05/03/2011;45;0;0;0;800;0;0;0;Q HUBO;30/03/2011;0;0;0
JUAN CARLOS RENDON ESCOBAR;ZC004;MISCELANEA DO�A INES;CR 35 #100-29;MISDO�01;07/03/2011;30;0;0;0;525;0;0;0;Q HUBO;30/03/2011;0;0;0
JUAN CARLOS RENDON ESCOBAR;ZC004;MISCELANEA DO�A INES;CR 35 #100-29;MISDO�01;08/03/2011;30;0;0;0;525;0;0;0;Q HUBO;30/03/2011;0;0;0
JUAN CARLOS RENDON ESCOBAR;ZC004;MISCELANEA DO�A INES;CR 35 #100-29;MISDO�01;09/03/2011;30;0;0;0;525;0;0;0;Q HUBO;30/03/2011;0;0;0
JUAN CARLOS RENDON ESCOBAR;ZC004;SUPERMERCADO IDEAL # 1;CL 67B # 31-15;SUPIDE01;08/03/2011;7;0;0;0;525;0;0;0;Q HUBO;30/03/2011;0;0;0
JUAN CARLOS RENDON ESCOBAR;ZC004;SUPERMERCADO IDEAL # 1;CL 67B # 31-15;SUPIDE01;09/03/2011;7;0;0;0;525;0;0;0;Q HUBO;30/03/2011;0;0;0
JUAN CARLOS RENDON ESCOBAR;ZC004;MISCELANEA LOS CORALES;CR 42 #67C- 07;MISCOR01;02/03/2011;10;0;0;0;525;0;0;0;Q HUBO;30/03/2011;0;0;0
JUAN CARLOS RENDON ESCOBAR;ZC004;MISCELANEA LOS CORALES;CR 42 #67C- 07;MISCOR01;03/03/2011;10;0;0;0;525;0;0;0;Q HUBO;30/03/2011;0;0;0
JUAN CARLOS RENDON ESCOBAR;ZC004;MISCELANEA LOS CORALES;CR 42 #67C- 07;MISCOR01;04/03/2011;10;0;0;0;525;0;0;0;Q HUBO;30/03/2011;0;0;0
JUAN CARLOS RENDON ESCOBAR;ZC004;MISCELANEA LOS CORALES;CR 42 #67C- 07;MISCOR01;05/03/2011;12;0;0;0;800;0;0;0;Q HUBO;30/03/2011;0;0;0
JUAN CARLOS RENDON ESCOBAR;ZC004;MISCELANEA LOS CORALES;CR 42 #67C- 07;MISCOR01;07/03/2011;10;0;0;0;525;0;0;0;Q HUBO;30/03/2011;0;0;0
JUAN CARLOS RENDON ESCOBAR;ZC004;MISCELANEA LOS CORALES;CR 42 #67C- 07;MISCOR01;08/03/2011;10;0;0;0;525;0;0;0;Q HUBO;30/03/2011;0;0;0
JUAN CARLOS RENDON ESCOBAR;ZC004;MISCELANEA LOS CORALES;CR 42 #67C- 07;MISCOR01;09/03/2011;10;0;0;0;525;0;0;0;Q HUBO;30/03/2011;0;0;0
JUAN CARLOS RENDON ESCOBAR;ZC004;TIENDA J.2;CL 105D #32A 33;TIEJ201;04/03/2011;7;0;0;0;525;0;0;0;Q HUBO;30/03/2011;0;0;0
JUAN CARLOS RENDON ESCOBAR;ZC004;TIENDA J.2;CL 105D #32A 33;TIEJ201;05/03/2011;7;0;0;0;800;0;0;0;Q HUBO;30/03/2011;0;0;0
JUAN CARLOS RENDON ESCOBAR;ZC004;TIENDA J.2;CL 105D #32A 33;TIEJ201;07/03/2011;7;0;0;0;525;0;0;0;Q HUBO;30/03/2011;0;0;0
JUAN CARLOS RENDON ESCOBAR;ZC004;TIENDA J.2;CL 105D #32A 33;TIEJ201;08/03/2011;7;0;0;0;525;0;0;0;Q HUBO;30/03/2011;0;0;0
JUAN CARLOS RENDON ESCOBAR;ZC004;TIENDA J.2;CL 105D #32A 33;TIEJ201;09/03/2011;7;0;0;0;525;0;0;0;Q HUBO;30/03/2011;0;0;0
JUAN CARLOS RENDON ESCOBAR;ZC004;RANCHO Y LICORES LA ENEA;KILOMETRO13 VIA AL MAGDALENA;RANLIC01;04/03/2011;14;0;0;0;525;0;0;0;Q HUBO;30/03/2011;0;0;0
JUAN CARLOS RENDON ESCOBAR;ZC004;RANCHO Y LICORES LA ENEA;KILOMETRO13 VIA AL MAGDALENA;RANLIC01;05/03/2011;15;0;0;0;800;0;0;0;Q HUBO;30/03/2011;0;0;0
JUAN CARLOS RENDON ESCOBAR;ZC004;RANCHO Y LICORES LA ENEA;KILOMETRO13 VIA AL MAGDALENA;RANLIC01;07/03/2011;14;0;0;0;525;0;0;0;Q HUBO;30/03/2011;0;0;0
JUAN CARLOS RENDON ESCOBAR;ZC004;RANCHO Y LICORES LA ENEA;KILOMETRO13 VIA AL MAGDALENA;RANLIC01;08/03/2011;14;0;0;0;525;0;0;0;Q HUBO;30/03/2011;0;0;0
JUAN CARLOS RENDON ESCOBAR;ZC004;RANCHO Y LICORES LA ENEA;KILOMETRO13 VIA AL MAGDALENA;RANLIC01;09/03/2011;14;0;0;0;525;0;0;0;Q HUBO;30/03/2011;0;0;0
JUAN CARLOS RENDON ESCOBAR;ZC004;MISCELANEA EL BOSQUE;CL 81B #36 09 LUSITANIA;MISBOS01;02/03/2011;8;0;0;0;525;0;0;0;Q HUBO;30/03/2011;0;0;0
JUAN CARLOS RENDON ESCOBAR;ZC004;MISCELANEA EL BOSQUE;CL 81B #36 09 LUSITANIA;MISBOS01;03/03/2011;8;0;0;0;525;0;0;0;Q HUBO;30/03/2011;0;0;0
JUAN CARLOS RENDON ESCOBAR;ZC004;MISCELANEA EL BOSQUE;CL 81B #36 09 LUSITANIA;MISBOS01;04/03/2011;8;0;0;0;525;0;0;0;Q HUBO;30/03/2011;0;0;0
JUAN CARLOS RENDON ESCOBAR;ZC004;MISCELANEA EL BOSQUE;CL 81B #36 09 LUSITANIA;MISBOS01;05/03/2011;12;0;0;0;800;0;0;0;Q HUBO;30/03/2011;0;0;0
JUAN CARLOS RENDON ESCOBAR;ZC004;MISCELANEA EL BOSQUE;CL 81B #36 09 LUSITANIA;MISBOS01;07/03/2011;8;0;0;0;525;0;0;0;Q HUBO;30/03/2011;0;0;0
JUAN CARLOS RENDON ESCOBAR;ZC004;MISCELANEA EL BOSQUE;CL 81B #36 09 LUSITANIA;MISBOS01;08/03/2011;8;0;0;0;525;0;0;0;Q HUBO;30/03/2011;0;0;0
JUAN CARLOS RENDON ESCOBAR;ZC004;MISCELANEA EL BOSQUE;CL 81B #36 09 LUSITANIA;MISBOS01;09/03/2011;8;0;0;0;525;0;0;0;Q HUBO;30/03/2011;0;0;0
JUAN CARLOS RENDON ESCOBAR;ZC004;HECTOR BERRIO SUAREZ;CR 35 CL 100C ESQ. KIOSCO;HECBER01;04/03/2011;35;0;0;0;525;0;0;0;Q HUBO;30/03/2011;0;0;0
JUAN CARLOS RENDON ESCOBAR;ZC004;HECTOR BERRIO SUAREZ;CR 35 CL 100C ESQ. KIOSCO;HECBER01;05/03/2011;50;0;0;0;800;0;0;0;Q HUBO;30/03/2011;0;0;0
JUAN CARLOS RENDON ESCOBAR;ZC004;HECTOR BERRIO SUAREZ;CR 35 CL 100C ESQ. KIOSCO;HECBER01;07/03/2011;35;0;0;0;525;0;0;0;Q HUBO;30/03/2011;0;0;0
JUAN CARLOS RENDON ESCOBAR;ZC004;HECTOR BERRIO SUAREZ;CR 35 CL 100C ESQ. KIOSCO;HECBER01;08/03/2011;35;0;0;0;525;0;0;0;Q HUBO;30/03/2011;0;0;0
JUAN CARLOS RENDON ESCOBAR;ZC004;HECTOR BERRIO SUAREZ;CR 35 CL 100C ESQ. KIOSCO;HECBER01;09/03/2011;35;0;0;0;525;0;0;0;Q HUBO;30/03/2011;0;0;0
JUAN CARLOS RENDON ESCOBAR;ZC004;CAFETERIA AVENIDA SANTANDER;CR 23 # 55-01;CAFAVE01;08/03/2011;8;0;0;0;525;0;0;0;Q HUBO;30/03/2011;0;0;0
JUAN CARLOS RENDON ESCOBAR;ZC004;CAFETERIA AVENIDA SANTANDER;CR 23 # 55-01;CAFAVE01;09/03/2011;8;0;0;0;525;0;0;0;Q HUBO;30/03/2011;0;0;0
JUAN CARLOS RENDON ESCOBAR;ZC004;MISCELANEA LOAIZA;CL 99 A # 34-21;MISLOA01;04/03/2011;5;0;0;0;525;0;0;0;Q HUBO;30/03/2011;0;0;0
JUAN CARLOS RENDON ESCOBAR;ZC004;MISCELANEA LOAIZA;CL 99 A # 34-21;MISLOA01;05/03/2011;5;0;0;0;800;0;0;0;Q HUBO;30/03/2011;0;0;0
JUAN CARLOS RENDON ESCOBAR;ZC004;MISCELANEA LOAIZA;CL 99 A # 34-21;MISLOA01;07/03/2011;5;0;0;0;525;0;0;0;Q HUBO;30/03/2011;0;0;0
JUAN CARLOS RENDON ESCOBAR;ZC004;MISCELANEA LOAIZA;CL 99 A # 34-21;MISLOA01;08/03/2011;5;0;0;0;525;0;0;0;Q HUBO;30/03/2011;0;0;0
JUAN CARLOS RENDON ESCOBAR;ZC004;MISCELANEA LOAIZA;CL 99 A # 34-21;MISLOA01;09/03/2011;5;0;0;0;525;0;0;0;Q HUBO;30/03/2011;0;0;0
JUAN CARLOS RENDON ESCOBAR;ZC004;MISCELANEA GOMEZ;CR 35 # 99 A - 05;MISGOM02;04/03/2011;8;0;0;0;525;0;0;0;Q HUBO;30/03/2011;0;0;0
JUAN CARLOS RENDON ESCOBAR;ZC004;MISCELANEA GOMEZ;CR 35 # 99 A - 05;MISGOM02;05/03/2011;8;0;0;0;800;0;0;0;Q HUBO;30/03/2011;0;0;0
JUAN CARLOS RENDON ESCOBAR;ZC004;MISCELANEA GOMEZ;CR 35 # 99 A - 05;MISGOM02;07/03/2011;8;0;0;0;525;0;0;0;Q HUBO;30/03/2011;0;0;0
JUAN CARLOS RENDON ESCOBAR;ZC004;MISCELANEA GOMEZ;CR 35 # 99 A - 05;MISGOM02;08/03/2011;8;0;0;0;525;0;0;0;Q HUBO;30/03/2011;0;0;0
JUAN CARLOS RENDON ESCOBAR;ZC004;MISCELANEA GOMEZ;CR 35 # 99 A - 05;MISGOM02;09/03/2011;8;0;0;0;525;0;0;0;Q HUBO;30/03/2011;0;0;0
JUAN CARLOS RENDON ESCOBAR;ZC004;CACHARRERIA LA MISCELANEA JOSE ARIS;CL 9 # 5-60;CACMIS01;03/03/2011;12;0;0;0;525;0;0;0;Q HUBO;30/03/2011;0;0;0
JUAN CARLOS RENDON ESCOBAR;ZC004;CACHARRERIA LA MISCELANEA JOSE ARIS;CL 9 # 5-60;CACMIS01;04/03/2011;12;0;0;0;525;0;0;0;Q HUBO;30/03/2011;0;0;0
JUAN CARLOS RENDON ESCOBAR;ZC004;CACHARRERIA LA MISCELANEA JOSE ARIS;CL 9 # 5-60;CACMIS01;05/03/2011;15;0;0;0;800;0;0;0;Q HUBO;30/03/2011;0;0;0
JUAN CARLOS RENDON ESCOBAR;ZC004;CACHARRERIA LA MISCELANEA JOSE ARIS;CL 9 # 5-60;CACMIS01;07/03/2011;12;0;0;0;525;0;0;0;Q HUBO;30/03/2011;0;0;0
JUAN CARLOS RENDON ESCOBAR;ZC004;CACHARRERIA LA MISCELANEA JOSE ARIS;CL 9 # 5-60;CACMIS01;08/03/2011;12;0;0;0;525;0;0;0;Q HUBO;30/03/2011;0;0;0
JUAN CARLOS RENDON ESCOBAR;ZC004;CACHARRERIA LA MISCELANEA JOSE ARIS;CL 9 # 5-60;CACMIS01;09/03/2011;12;0;0;0;525;0;0;0;Q HUBO;30/03/2011;0;0;0
JUAN CARLOS RENDON ESCOBAR;ZC004;MISCELANEA LA DE TODOS;CR 34 # 107A-34;MISTOD02;04/03/2011;8;0;0;0;525;0;0;0;Q HUBO;30/03/2011;0;0;0
JUAN CARLOS RENDON ESCOBAR;ZC004;MISCELANEA LA DE TODOS;CR 34 # 107A-34;MISTOD02;05/03/2011;10;0;0;0;800;0;0;0;Q HUBO;30/03/2011;0;0;0
JUAN CARLOS RENDON ESCOBAR;ZC004;MISCELANEA LA DE TODOS;CR 34 # 107A-34;MISTOD02;07/03/2011;8;0;0;0;525;0;0;0;Q HUBO;30/03/2011;0;0;0
JUAN CARLOS RENDON ESCOBAR;ZC004;MISCELANEA LA DE TODOS;CR 34 # 107A-34;MISTOD02;08/03/2011;8;0;0;0;525;0;0;0;Q HUBO;30/03/2011;0;0;0
JUAN CARLOS RENDON ESCOBAR;ZC004;MISCELANEA LA DE TODOS;CR 34 # 107A-34;MISTOD02;09/03/2011;8;0;0;0;525;0;0;0;Q HUBO;30/03/2011;0;0;0
JUAN CARLOS RENDON ESCOBAR;ZC004;RAPITIENDA EL CRUCERITO;CR 5 #12 02;RAPCRU01;03/03/2011;10;0;0;0;525;0;0;0;Q HUBO;30/03/2011;0;0;0
JUAN CARLOS RENDON ESCOBAR;ZC004;RAPITIENDA EL CRUCERITO;CR 5 #12 02;RAPCRU01;04/03/2011;10;0;0;0;525;0;0;0;Q HUBO;30/03/2011;0;0;0
JUAN CARLOS RENDON ESCOBAR;ZC004;RAPITIENDA EL CRUCERITO;CR 5 #12 02;RAPCRU01;05/03/2011;10;0;0;0;800;0;0;0;Q HUBO;30/03/2011;0;0;0
JUAN CARLOS RENDON ESCOBAR;ZC004;RAPITIENDA EL CRUCERITO;CR 5 #12 02;RAPCRU01;07/03/2011;10;0;0;0;525;0;0;0;Q HUBO;30/03/2011;0;0;0
JUAN CARLOS RENDON ESCOBAR;ZC004;RAPITIENDA EL CRUCERITO;CR 5 #12 02;RAPCRU01;08/03/2011;10;0;0;0;525;0;0;0;Q HUBO;30/03/2011;0;0;0
JUAN CARLOS RENDON ESCOBAR;ZC004;RAPITIENDA EL CRUCERITO;CR 5 #12 02;RAPCRU01;09/03/2011;10;0;0;0;525;0;0;0;Q HUBO;30/03/2011;0;0;0
JUAN CARLOS RENDON ESCOBAR;ZC004;DROGAS LA PRINCIPAL;CL 68 #39-42;DROPRI01;08/03/2011;4;0;0;0;525;0;0;0;Q HUBO;30/03/2011;0;0;0
JUAN CARLOS RENDON ESCOBAR;ZC004;DROGAS LA PRINCIPAL;CL 68 #39-42;DROPRI01;09/03/2011;4;0;0;0;525;0;0;0;Q HUBO;30/03/2011;0;0;0
JUAN CARLOS RENDON ESCOBAR;ZC004;CAFETERIA  BOMBA TEXACO;PUENTE FRENTE  B. LA PLAYITA;EFRAAR01;09/03/2011;5;0;0;0;525;0;0;0;Q HUBO;30/03/2011;0;0;0
JUAN CARLOS RENDON ESCOBAR;ZC004;RESTAURANTE  SAN JUAN;BOMBA GASOLINA  SAN JUAN;ANQUOR01;23/02/2011;5;0;0;0;525;0;0;0;Q HUBO;30/03/2011;0;0;0
JUAN CARLOS RENDON ESCOBAR;ZC004;RESTAURANTE  SAN JUAN;BOMBA GASOLINA  SAN JUAN;ANQUOR01;24/02/2011;5;0;0;0;525;0;0;0;Q HUBO;30/03/2011;0;0;0
JUAN CARLOS RENDON ESCOBAR;ZC004;RESTAURANTE  SAN JUAN;BOMBA GASOLINA  SAN JUAN;ANQUOR01;25/02/2011;5;0;0;0;525;0;0;0;Q HUBO;30/03/2011;0;0;0
JUAN CARLOS RENDON ESCOBAR;ZC004;RESTAURANTE  SAN JUAN;BOMBA GASOLINA  SAN JUAN;ANQUOR01;26/02/2011;9;0;0;0;800;0;0;0;Q HUBO;30/03/2011;0;0;0
JUAN CARLOS RENDON ESCOBAR;ZC004;RESTAURANTE  SAN JUAN;BOMBA GASOLINA  SAN JUAN;ANQUOR01;28/02/2011;5;0;0;0;525;0;0;0;Q HUBO;30/03/2011;0;0;0
JUAN CARLOS RENDON ESCOBAR;ZC004;RESTAURANTE  SAN JUAN;BOMBA GASOLINA  SAN JUAN;ANQUOR01;01/03/2011;5;0;0;0;525;0;0;0;Q HUBO;30/03/2011;0;0;0
JUAN CARLOS RENDON ESCOBAR;ZC004;RESTAURANTE  SAN JUAN;BOMBA GASOLINA  SAN JUAN;ANQUOR01;02/03/2011;5;0;0;0;525;0;0;0;Q HUBO;30/03/2011;0;0;0
JUAN CARLOS RENDON ESCOBAR;ZC004;RESTAURANTE  SAN JUAN;BOMBA GASOLINA  SAN JUAN;ANQUOR01;03/03/2011;5;0;0;0;525;0;0;0;Q HUBO;30/03/2011;0;0;0
JUAN CARLOS RENDON ESCOBAR;ZC004;RESTAURANTE  SAN JUAN;BOMBA GASOLINA  SAN JUAN;ANQUOR01;04/03/2011;5;0;0;0;525;0;0;0;Q HUBO;30/03/2011;0;0;0
JUAN CARLOS RENDON ESCOBAR;ZC004;RESTAURANTE  SAN JUAN;BOMBA GASOLINA  SAN JUAN;ANQUOR01;05/03/2011;5;0;0;0;800;0;0;0;Q HUBO;30/03/2011;0;0;0
JUAN CARLOS RENDON ESCOBAR;ZC004;RESTAURANTE  SAN JUAN;BOMBA GASOLINA  SAN JUAN;ANQUOR01;07/03/2011;5;0;0;0;525;0;0;0;Q HUBO;30/03/2011;0;0;0
JUAN CARLOS RENDON ESCOBAR;ZC004;RESTAURANTE  SAN JUAN;BOMBA GASOLINA  SAN JUAN;ANQUOR01;08/03/2011;5;0;0;0;525;0;0;0;Q HUBO;30/03/2011;0;0;0
JUAN CARLOS RENDON ESCOBAR;ZC004;RESTAURANTE  SAN JUAN;BOMBA GASOLINA  SAN JUAN;ANQUOR01;09/03/2011;5;0;0;0;525;0;0;0;Q HUBO;30/03/2011;0;0;0
JUAN CARLOS RENDON ESCOBAR;ZC004;AGUDELO EDIER JOSE CAFE.TOP-TEC;KILOMETRO 10 VIA MAGDALENA;JOEDIA01;07/03/2011;5;0;0;0;525;0;0;0;Q HUBO;30/03/2011;0;0;0
JUAN CARLOS RENDON ESCOBAR;ZC004;AGUDELO EDIER JOSE CAFE.TOP-TEC;KILOMETRO 10 VIA MAGDALENA;JOEDIA01;08/03/2011;5;0;0;0;525;0;0;0;Q HUBO;30/03/2011;0;0;0
JUAN CARLOS RENDON ESCOBAR;ZC004;AGUDELO EDIER JOSE CAFE.TOP-TEC;KILOMETRO 10 VIA MAGDALENA;JOEDIA01;09/03/2011;5;0;0;0;525;0;0;0;Q HUBO;30/03/2011;0;0;0
JUAN CARLOS RENDON ESCOBAR;ZC004;CASTA�O LUIS JAIME MIS.VAKALU;CALLE 7 # 1 -50 VILLAMARIA;MISVAK01;03/03/2011;13;0;0;0;525;0;0;0;Q HUBO;30/03/2011;0;0;0
JUAN CARLOS RENDON ESCOBAR;ZC004;CASTA�O LUIS JAIME MIS.VAKALU;CALLE 7 # 1 -50 VILLAMARIA;MISVAK01;04/03/2011;13;0;0;0;525;0;0;0;Q HUBO;30/03/2011;0;0;0
JUAN CARLOS RENDON ESCOBAR;ZC004;CASTA�O LUIS JAIME MIS.VAKALU;CALLE 7 # 1 -50 VILLAMARIA;MISVAK01;05/03/2011;20;0;0;0;800;0;0;0;Q HUBO;30/03/2011;0;0;0
JUAN CARLOS RENDON ESCOBAR;ZC004;CASTA�O LUIS JAIME MIS.VAKALU;CALLE 7 # 1 -50 VILLAMARIA;MISVAK01;07/03/2011;13;0;0;0;525;0;0;0;Q HUBO;30/03/2011;0;0;0
JUAN CARLOS RENDON ESCOBAR;ZC004;CASTA�O LUIS JAIME MIS.VAKALU;CALLE 7 # 1 -50 VILLAMARIA;MISVAK01;08/03/2011;13;0;0;0;525;0;0;0;Q HUBO;30/03/2011;0;0;0
JUAN CARLOS RENDON ESCOBAR;ZC004;CASTA�O LUIS JAIME MIS.VAKALU;CALLE 7 # 1 -50 VILLAMARIA;MISVAK01;09/03/2011;13;0;0;0;525;0;0;0;Q HUBO;30/03/2011;0;0;0
JUAN CARLOS RENDON ESCOBAR;ZC004;VARIEDADES CHIPE CHAPE;CR 5 #5 50 VILLAMARIA;VARCHI01;03/03/2011;6;0;0;0;525;0;0;0;Q HUBO;30/03/2011;0;0;0
JUAN CARLOS RENDON ESCOBAR;ZC004;VARIEDADES CHIPE CHAPE;CR 5 #5 50 VILLAMARIA;VARCHI01;04/03/2011;6;0;0;0;525;0;0;0;Q HUBO;30/03/2011;0;0;0
JUAN CARLOS RENDON ESCOBAR;ZC004;VARIEDADES CHIPE CHAPE;CR 5 #5 50 VILLAMARIA;VARCHI01;05/03/2011;8;0;0;0;800;0;0;0;Q HUBO;30/03/2011;0;0;0
JUAN CARLOS RENDON ESCOBAR;ZC004;VARIEDADES CHIPE CHAPE;CR 5 #5 50 VILLAMARIA;VARCHI01;07/03/2011;6;0;0;0;525;0;0;0;Q HUBO;30/03/2011;0;0;0
JUAN CARLOS RENDON ESCOBAR;ZC004;VARIEDADES CHIPE CHAPE;CR 5 #5 50 VILLAMARIA;VARCHI01;08/03/2011;6;0;0;0;525;0;0;0;Q HUBO;30/03/2011;0;0;0
JUAN CARLOS RENDON ESCOBAR;ZC004;VARIEDADES CHIPE CHAPE;CR 5 #5 50 VILLAMARIA;VARCHI01;09/03/2011;6;0;0;0;525;0;0;0;Q HUBO;30/03/2011;0;0;0
JUAN CARLOS RENDON ESCOBAR;ZC004;CACHARRERIA MOLGA;CL 65 # 33 35 FATIMA;CACMOL01;08/03/2011;5;0;0;0;525;0;0;0;Q HUBO;30/03/2011;0;0;0
JUAN CARLOS RENDON ESCOBAR;ZC004;CACHARRERIA MOLGA;CL 65 # 33 35 FATIMA;CACMOL01;09/03/2011;5;0;0;0;525;0;0;0;Q HUBO;30/03/2011;0;0;0
JUAN CARLOS RENDON ESCOBAR;ZC004;QUESERA MALHABAR;CRA 40 # 67 E 22;QUEMAL01;08/03/2011;14;0;0;0;525;0;0;0;Q HUBO;30/03/2011;0;0;0
JUAN CARLOS RENDON ESCOBAR;ZC004;QUESERA MALHABAR;CRA 40 # 67 E 22;QUEMAL01;09/03/2011;14;0;0;0;525;0;0;0;Q HUBO;30/03/2011;0;0;0
JUAN CARLOS RENDON ESCOBAR;ZC004;TIENDA LA VILLA MINIMERCAD0;CALLE 6� # 452;TIELVI01;07/03/2011;6;0;0;0;525;0;0;0;Q HUBO;30/03/2011;0;0;0
JUAN CARLOS RENDON ESCOBAR;ZC004;TIENDA LA VILLA MINIMERCAD0;CALLE 6� # 452;TIELVI01;08/03/2011;6;0;0;0;525;0;0;0;Q HUBO;30/03/2011;0;0;0
JUAN CARLOS RENDON ESCOBAR;ZC004;TIENDA LA VILLA MINIMERCAD0;CALLE 6� # 452;TIELVI01;09/03/2011;6;0;0;0;525;0;0;0;Q HUBO;30/03/2011;0;0;0
JUAN CARLOS RENDON ESCOBAR;ZC004;MECATIADERO MARY;B. LOS MOLINOS  CASA # 12;MECAMA01;02/03/2011;3;0;0;0;525;0;0;0;Q HUBO;30/03/2011;0;0;0
JUAN CARLOS RENDON ESCOBAR;ZC004;MECATIADERO MARY;B. LOS MOLINOS  CASA # 12;MECAMA01;03/03/2011;3;0;0;0;525;0;0;0;Q HUBO;30/03/2011;0;0;0
JUAN CARLOS RENDON ESCOBAR;ZC004;MECATIADERO MARY;B. LOS MOLINOS  CASA # 12;MECAMA01;04/03/2011;3;0;0;0;525;0;0;0;Q HUBO;30/03/2011;0;0;0
JUAN CARLOS RENDON ESCOBAR;ZC004;MECATIADERO MARY;B. LOS MOLINOS  CASA # 12;MECAMA01;05/03/2011;3;0;0;0;800;0;0;0;Q HUBO;30/03/2011;0;0;0
JUAN CARLOS RENDON ESCOBAR;ZC004;MECATIADERO MARY;B. LOS MOLINOS  CASA # 12;MECAMA01;07/03/2011;3;0;0;0;525;0;0;0;Q HUBO;30/03/2011;0;0;0
JUAN CARLOS RENDON ESCOBAR;ZC004;MECATIADERO MARY;B. LOS MOLINOS  CASA # 12;MECAMA01;08/03/2011;3;0;0;0;525;0;0;0;Q HUBO;30/03/2011;0;0;0
JUAN CARLOS RENDON ESCOBAR;ZC004;MECATIADERO MARY;B. LOS MOLINOS  CASA # 12;MECAMA01;09/03/2011;3;0;0;0;525;0;0;0;Q HUBO;30/03/2011;0;0;0
JUAN CARLOS RENDON ESCOBAR;ZC004;JOSE A. ARTEAGA  TIENDA OSCAR;CRA. 41 # 72 - 172;JOARAR01;09/03/2011;3;0;0;0;525;0;0;0;Q HUBO;30/03/2011;0;0;0
JUAN CARLOS RENDON ESCOBAR;ZC004;DROGUERIA CASA ROJA;CRA 32 # 104 A 15;DROGCA01;04/03/2011;12;0;0;0;525;0;0;0;Q HUBO;30/03/2011;0;0;0
JUAN CARLOS RENDON ESCOBAR;ZC004;DROGUERIA CASA ROJA;CRA 32 # 104 A 15;DROGCA01;05/03/2011;20;0;0;0;800;0;0;0;Q HUBO;30/03/2011;0;0;0
JUAN CARLOS RENDON ESCOBAR;ZC004;DROGUERIA CASA ROJA;CRA 32 # 104 A 15;DROGCA01;07/03/2011;12;0;0;0;525;0;0;0;Q HUBO;30/03/2011;0;0;0
JUAN CARLOS RENDON ESCOBAR;ZC004;DROGUERIA CASA ROJA;CRA 32 # 104 A 15;DROGCA01;08/03/2011;12;0;0;0;525;0;0;0;Q HUBO;30/03/2011;0;0;0
JUAN CARLOS RENDON ESCOBAR;ZC004;DROGUERIA CASA ROJA;CRA 32 # 104 A 15;DROGCA01;09/03/2011;12;0;0;0;525;0;0;0;Q HUBO;30/03/2011;0;0;0
JUAN CARLOS RENDON ESCOBAR;ZC004;MIS.DO�A MARTHA  V/LLRIA LA PRADERA;CALLE 4 # 16 A 04;MIDOMA01;03/03/2011;9;0;0;0;525;0;0;0;Q HUBO;30/03/2011;0;0;0
JUAN CARLOS RENDON ESCOBAR;ZC004;MIS.DO�A MARTHA  V/LLRIA LA PRADERA;CALLE 4 # 16 A 04;MIDOMA01;04/03/2011;9;0;0;0;525;0;0;0;Q HUBO;30/03/2011;0;0;0
JUAN CARLOS RENDON ESCOBAR;ZC004;MIS.DO�A MARTHA  V/LLRIA LA PRADERA;CALLE 4 # 16 A 04;MIDOMA01;05/03/2011;15;0;0;0;800;0;0;0;Q HUBO;30/03/2011;0;0;0
JUAN CARLOS RENDON ESCOBAR;ZC004;MIS.DO�A MARTHA  V/LLRIA LA PRADERA;CALLE 4 # 16 A 04;MIDOMA01;07/03/2011;9;0;0;0;525;0;0;0;Q HUBO;30/03/2011;0;0;0
JUAN CARLOS RENDON ESCOBAR;ZC004;MIS.DO�A MARTHA  V/LLRIA LA PRADERA;CALLE 4 # 16 A 04;MIDOMA01;08/03/2011;9;0;0;0;525;0;0;0;Q HUBO;30/03/2011;0;0;0
JUAN CARLOS RENDON ESCOBAR;ZC004;MIS.DO�A MARTHA  V/LLRIA LA PRADERA;CALLE 4 # 16 A 04;MIDOMA01;09/03/2011;9;0;0;0;525;0;0;0;Q HUBO;30/03/2011;0;0;0
JUAN CARLOS RENDON ESCOBAR;ZC004;PANADERIA PAPI PAN;CALLE 69 # 42-11;PANPAP01;02/03/2011;10;0;0;0;525;0;0;0;Q HUBO;30/03/2011;0;0;0
JUAN CARLOS RENDON ESCOBAR;ZC004;PANADERIA PAPI PAN;CALLE 69 # 42-11;PANPAP01;03/03/2011;10;0;0;0;525;0;0;0;Q HUBO;30/03/2011;0;0;0
JUAN CARLOS RENDON ESCOBAR;ZC004;PANADERIA PAPI PAN;CALLE 69 # 42-11;PANPAP01;04/03/2011;10;0;0;0;525;0;0;0;Q HUBO;30/03/2011;0;0;0
JUAN CARLOS RENDON ESCOBAR;ZC004;PANADERIA PAPI PAN;CALLE 69 # 42-11;PANPAP01;05/03/2011;10;0;0;0;800;0;0;0;Q HUBO;30/03/2011;0;0;0
JUAN CARLOS RENDON ESCOBAR;ZC004;PANADERIA PAPI PAN;CALLE 69 # 42-11;PANPAP01;07/03/2011;10;0;0;0;525;0;0;0;Q HUBO;30/03/2011;0;0;0
JUAN CARLOS RENDON ESCOBAR;ZC004;PANADERIA PAPI PAN;CALLE 69 # 42-11;PANPAP01;08/03/2011;10;0;0;0;525;0;0;0;Q HUBO;30/03/2011;0;0;0
JUAN CARLOS RENDON ESCOBAR;ZC004;PANADERIA PAPI PAN;CALLE 69 # 42-11;PANPAP01;09/03/2011;10;0;0;0;525;0;0;0;Q HUBO;30/03/2011;0;0;0
JUAN CARLOS RENDON ESCOBAR;ZC004;CASETA EL TRAILER;CL 3A # 18-28  EXPRESO SIDERAL;CASTRA01;07/03/2011;30;0;0;0;525;0;0;0;Q HUBO;30/03/2011;0;0;0
JUAN CARLOS RENDON ESCOBAR;ZC004;CASETA EL TRAILER;CL 3A # 18-28  EXPRESO SIDERAL;CASTRA01;08/03/2011;30;0;0;0;525;0;0;0;Q HUBO;30/03/2011;0;0;0
JUAN CARLOS RENDON ESCOBAR;ZC004;CASETA EL TRAILER;CL 3A # 18-28  EXPRESO SIDERAL;CASTRA01;09/03/2011;30;0;0;0;525;0;0;0;Q HUBO;30/03/2011;0;0;0
JUAN CARLOS RENDON ESCOBAR;ZC004;GERMAN GARCIA CASETA PRENSA V/LLRIA;CALLE  5�  # 3-55 VILLAMARIA;GERGAR02;03/03/2011;35;0;0;0;525;0;0;0;Q HUBO;30/03/2011;0;0;0
JUAN CARLOS RENDON ESCOBAR;ZC004;GERMAN GARCIA CASETA PRENSA V/LLRIA;CALLE  5�  # 3-55 VILLAMARIA;GERGAR02;04/03/2011;35;0;0;0;525;0;0;0;Q HUBO;30/03/2011;0;0;0
JUAN CARLOS RENDON ESCOBAR;ZC004;GERMAN GARCIA CASETA PRENSA V/LLRIA;CALLE  5�  # 3-55 VILLAMARIA;GERGAR02;05/03/2011;55;0;0;0;800;0;0;0;Q HUBO;30/03/2011;0;0;0
JUAN CARLOS RENDON ESCOBAR;ZC004;GERMAN GARCIA CASETA PRENSA V/LLRIA;CALLE  5�  # 3-55 VILLAMARIA;GERGAR02;07/03/2011;35;0;0;0;525;0;0;0;Q HUBO;30/03/2011;0;0;0
JUAN CARLOS RENDON ESCOBAR;ZC004;GERMAN GARCIA CASETA PRENSA V/LLRIA;CALLE  5�  # 3-55 VILLAMARIA;GERGAR02;08/03/2011;35;0;0;0;525;0;0;0;Q HUBO;30/03/2011;0;0;0
JUAN CARLOS RENDON ESCOBAR;ZC004;GERMAN GARCIA CASETA PRENSA V/LLRIA;CALLE  5�  # 3-55 VILLAMARIA;GERGAR02;09/03/2011;35;0;0;0;525;0;0;0;Q HUBO;30/03/2011;0;0;0
JUAN CARLOS RENDON ESCOBAR;ZC004;CASTRO G. GUSTAVO  PANAD. XII;CRA  37 # 66 - 07 ESQUINA;PANADE01;08/03/2011;7;0;0;0;525;0;0;0;Q HUBO;30/03/2011;0;0;0
JUAN CARLOS RENDON ESCOBAR;ZC004;CASTRO G. GUSTAVO  PANAD. XII;CRA  37 # 66 - 07 ESQUINA;PANADE01;09/03/2011;7;0;0;0;525;0;0;0;Q HUBO;30/03/2011;0;0;0
JUAN CARLOS RENDON ESCOBAR;ZC004;AVICOLA SAN CARLOS  LA ENEA;CRA  34 #  103 - 03 LA ENEA;AVICAR01;09/03/2011;8;0;0;0;525;0;0;0;Q HUBO;30/03/2011;0;0;0
JUAN CARLOS RENDON ESCOBAR;ZC004;TIENDA MIXTA MINCHO;CL 69A  # 42-11;TIEHER02;02/03/2011;8;0;0;0;525;0;0;0;Q HUBO;30/03/2011;0;0;0
JUAN CARLOS RENDON ESCOBAR;ZC004;TIENDA MIXTA MINCHO;CL 69A  # 42-11;TIEHER02;03/03/2011;8;0;0;0;525;0;0;0;Q HUBO;30/03/2011;0;0;0
JUAN CARLOS RENDON ESCOBAR;ZC004;TIENDA MIXTA MINCHO;CL 69A  # 42-11;TIEHER02;04/03/2011;8;0;0;0;525;0;0;0;Q HUBO;30/03/2011;0;0;0
JUAN CARLOS RENDON ESCOBAR;ZC004;TIENDA MIXTA MINCHO;CL 69A  # 42-11;TIEHER02;05/03/2011;10;0;0;0;800;0;0;0;Q HUBO;30/03/2011;0;0;0
JUAN CARLOS RENDON ESCOBAR;ZC004;TIENDA MIXTA MINCHO;CL 69A  # 42-11;TIEHER02;07/03/2011;8;0;0;0;525;0;0;0;Q HUBO;30/03/2011;0;0;0
JUAN CARLOS RENDON ESCOBAR;ZC004;TIENDA MIXTA MINCHO;CL 69A  # 42-11;TIEHER02;08/03/2011;8;0;0;0;525;0;0;0;Q HUBO;30/03/2011;0;0;0
JUAN CARLOS RENDON ESCOBAR;ZC004;TIENDA MIXTA MINCHO;CL 69A  # 42-11;TIEHER02;09/03/2011;8;0;0;0;525;0;0;0;Q HUBO;30/03/2011;0;0;0
JUAN CARLOS RENDON ESCOBAR;ZC004;GONZALES A. GUILLERMO TIE EL NEGRO;CALLE 65 B # 41 -05;GUIGON01;09/03/2011;8;0;0;0;525;0;0;0;Q HUBO;30/03/2011;0;0;0
JUAN CARLOS RENDON ESCOBAR;ZC004;ARROYAVE VICTOR TIENDA ALTAMIRA;CRA 36 # 63 A 26 TIE. ALTAMIRA;TIEALT01;08/03/2011;8;0;0;0;525;0;0;0;Q HUBO;30/03/2011;0;0;0
JUAN CARLOS RENDON ESCOBAR;ZC004;ARROYAVE VICTOR TIENDA ALTAMIRA;CRA 36 # 63 A 26 TIE. ALTAMIRA;TIEALT01;09/03/2011;8;0;0;0;525;0;0;0;Q HUBO;30/03/2011;0;0;0
JUAN CARLOS RENDON ESCOBAR;ZC004;PANADERIA EL GRAN BU�UELO;CR 35 # 99A-99;PANGRA01;04/03/2011;12;0;0;0;525;0;0;0;Q HUBO;30/03/2011;0;0;0
JUAN CARLOS RENDON ESCOBAR;ZC004;PANADERIA EL GRAN BU�UELO;CR 35 # 99A-99;PANGRA01;05/03/2011;20;0;0;0;800;0;0;0;Q HUBO;30/03/2011;0;0;0
JUAN CARLOS RENDON ESCOBAR;ZC004;PANADERIA EL GRAN BU�UELO;CR 35 # 99A-99;PANGRA01;07/03/2011;12;0;0;0;525;0;0;0;Q HUBO;30/03/2011;0;0;0
JUAN CARLOS RENDON ESCOBAR;ZC004;PANADERIA EL GRAN BU�UELO;CR 35 # 99A-99;PANGRA01;08/03/2011;12;0;0;0;525;0;0;0;Q HUBO;30/03/2011;0;0;0
JUAN CARLOS RENDON ESCOBAR;ZC004;PANADERIA EL GRAN BU�UELO;CR 35 # 99A-99;PANGRA01;09/03/2011;12;0;0;0;525;0;0;0;Q HUBO;30/03/2011;0;0;0
JUAN CARLOS RENDON ESCOBAR;ZC004;MISCELANEA EL ROMBOY;MZA 45 #8 15 PRADERA;MISROM01;24/02/2011;12;0;0;0;525;0;0;0;Q HUBO;30/03/2011;0;0;0
JUAN CARLOS RENDON ESCOBAR;ZC004;MISCELANEA EL ROMBOY;MZA 45 #8 15 PRADERA;MISROM01;25/02/2011;12;0;0;0;525;0;0;0;Q HUBO;30/03/2011;0;0;0
JUAN CARLOS RENDON ESCOBAR;ZC004;MISCELANEA EL ROMBOY;MZA 45 #8 15 PRADERA;MISROM01;26/02/2011;12;0;0;0;800;0;0;0;Q HUBO;30/03/2011;0;0;0
JUAN CARLOS RENDON ESCOBAR;ZC004;MISCELANEA EL ROMBOY;MZA 45 #8 15 PRADERA;MISROM01;28/02/2011;12;0;0;0;525;0;0;0;Q HUBO;30/03/2011;0;0;0
JUAN CARLOS RENDON ESCOBAR;ZC004;MISCELANEA EL ROMBOY;MZA 45 #8 15 PRADERA;MISROM01;01/03/2011;12;0;0;0;525;0;0;0;Q HUBO;30/03/2011;0;0;0
JUAN CARLOS RENDON ESCOBAR;ZC004;MISCELANEA EL ROMBOY;MZA 45 #8 15 PRADERA;MISROM01;02/03/2011;12;0;0;0;525;0;0;0;Q HUBO;30/03/2011;0;0;0
JUAN CARLOS RENDON ESCOBAR;ZC004;MISCELANEA EL ROMBOY;MZA 45 #8 15 PRADERA;MISROM01;03/03/2011;12;0;0;0;525;0;0;0;Q HUBO;30/03/2011;0;0;0
JUAN CARLOS RENDON ESCOBAR;ZC004;MISCELANEA EL ROMBOY;MZA 45 #8 15 PRADERA;MISROM01;04/03/2011;12;0;0;0;525;0;0;0;Q HUBO;30/03/2011;0;0;0
JUAN CARLOS RENDON ESCOBAR;ZC004;MISCELANEA EL ROMBOY;MZA 45 #8 15 PRADERA;MISROM01;05/03/2011;20;0;0;0;800;0;0;0;Q HUBO;30/03/2011;0;0;0
JUAN CARLOS RENDON ESCOBAR;ZC004;MISCELANEA EL ROMBOY;MZA 45 #8 15 PRADERA;MISROM01;07/03/2011;12;0;0;0;525;0;0;0;Q HUBO;30/03/2011;0;0;0
JUAN CARLOS RENDON ESCOBAR;ZC004;MISCELANEA EL ROMBOY;MZA 45 #8 15 PRADERA;MISROM01;08/03/2011;12;0;0;0;525;0;0;0;Q HUBO;30/03/2011;0;0;0
JUAN CARLOS RENDON ESCOBAR;ZC004;MISCELANEA EL ROMBOY;MZA 45 #8 15 PRADERA;MISROM01;09/03/2011;12;0;0;0;525;0;0;0;Q HUBO;30/03/2011;0;0;0
JUAN CARLOS RENDON ESCOBAR;ZC004;DROGUERIA REINEL;CR 35 # 102 A - 72;DROREI01;04/03/2011;12;0;0;0;525;0;0;0;Q HUBO;30/03/2011;0;0;0
JUAN CARLOS RENDON ESCOBAR;ZC004;DROGUERIA REINEL;CR 35 # 102 A - 72;DROREI01;05/03/2011;20;0;0;0;800;0;0;0;Q HUBO;30/03/2011;0;0;0
JUAN CARLOS RENDON ESCOBAR;ZC004;DROGUERIA REINEL;CR 35 # 102 A - 72;DROREI01;07/03/2011;12;0;0;0;525;0;0;0;Q HUBO;30/03/2011;0;0;0
JUAN CARLOS RENDON ESCOBAR;ZC004;DROGUERIA REINEL;CR 35 # 102 A - 72;DROREI01;08/03/2011;12;0;0;0;525;0;0;0;Q HUBO;30/03/2011;0;0;0
JUAN CARLOS RENDON ESCOBAR;ZC004;DROGUERIA REINEL;CR 35 # 102 A - 72;DROREI01;09/03/2011;12;0;0;0;525;0;0;0;Q HUBO;30/03/2011;0;0;0
JUAN CARLOS RENDON ESCOBAR;ZC004;GOTITAS DE SABOR;CL 105C #30A 39 ENEA PART  ALT;GOTSAB01;04/03/2011;8;0;0;0;525;0;0;0;Q HUBO;30/03/2011;0;0;0
JUAN CARLOS RENDON ESCOBAR;ZC004;GOTITAS DE SABOR;CL 105C #30A 39 ENEA PART  ALT;GOTSAB01;05/03/2011;10;0;0;0;800;0;0;0;Q HUBO;30/03/2011;0;0;0
JUAN CARLOS RENDON ESCOBAR;ZC004;GOTITAS DE SABOR;CL 105C #30A 39 ENEA PART  ALT;GOTSAB01;07/03/2011;8;0;0;0;525;0;0;0;Q HUBO;30/03/2011;0;0;0
JUAN CARLOS RENDON ESCOBAR;ZC004;GOTITAS DE SABOR;CL 105C #30A 39 ENEA PART  ALT;GOTSAB01;08/03/2011;8;0;0;0;525;0;0;0;Q HUBO;30/03/2011;0;0;0
JUAN CARLOS RENDON ESCOBAR;ZC004;GOTITAS DE SABOR;CL 105C #30A 39 ENEA PART  ALT;GOTSAB01;09/03/2011;8;0;0;0;525;0;0;0;Q HUBO;30/03/2011;0;0;0
JUAN CARLOS RENDON ESCOBAR;ZC004;KIOSCO CENTRAL CONTROL V/LLAMARIA;CONTROL BUSETAS LA PRADERA;KIOCEN01;01/02/2011;3;0;0;0;525;0;0;0;Q HUBO;30/03/2011;0;0;0
JUAN CARLOS RENDON ESCOBAR;ZC004;KIOSCO CENTRAL CONTROL V/LLAMARIA;CONTROL BUSETAS LA PRADERA;KIOCEN01;02/02/2011;3;0;0;0;525;0;0;0;Q HUBO;30/03/2011;0;0;0
JUAN CARLOS RENDON ESCOBAR;ZC004;KIOSCO CENTRAL CONTROL V/LLAMARIA;CONTROL BUSETAS LA PRADERA;KIOCEN01;03/02/2011;3;0;0;0;525;0;0;0;Q HUBO;30/03/2011;0;0;0
JUAN CARLOS RENDON ESCOBAR;ZC004;KIOSCO CENTRAL CONTROL V/LLAMARIA;CONTROL BUSETAS LA PRADERA;KIOCEN01;07/03/2011;3;0;0;0;525;0;0;0;Q HUBO;30/03/2011;0;0;0
JUAN CARLOS RENDON ESCOBAR;ZC004;KIOSCO CENTRAL CONTROL V/LLAMARIA;CONTROL BUSETAS LA PRADERA;KIOCEN01;08/03/2011;3;0;0;0;525;0;0;0;Q HUBO;30/03/2011;0;0;0
JUAN CARLOS RENDON ESCOBAR;ZC004;KIOSCO CENTRAL CONTROL V/LLAMARIA;CONTROL BUSETAS LA PRADERA;KIOCEN01;09/03/2011;3;0;0;0;525;0;0;0;Q HUBO;30/03/2011;0;0;0
JUAN CARLOS RENDON ESCOBAR;ZC004;BLANDON LISET JOHANA TIEN LISET;CALLE  62 # 34 - 86;TIELIS01;04/03/2011;3;0;0;0;525;0;0;0;Q HUBO;30/03/2011;0;0;0
JUAN CARLOS RENDON ESCOBAR;ZC004;BLANDON LISET JOHANA TIEN LISET;CALLE  62 # 34 - 86;TIELIS01;05/03/2011;5;0;0;0;800;0;0;0;Q HUBO;30/03/2011;0;0;0
JUAN CARLOS RENDON ESCOBAR;ZC004;BLANDON LISET JOHANA TIEN LISET;CALLE  62 # 34 - 86;TIELIS01;07/03/2011;3;0;0;0;525;0;0;0;Q HUBO;30/03/2011;0;0;0
JUAN CARLOS RENDON ESCOBAR;ZC004;BLANDON LISET JOHANA TIEN LISET;CALLE  62 # 34 - 86;TIELIS01;08/03/2011;3;0;0;0;525;0;0;0;Q HUBO;30/03/2011;0;0;0
JUAN CARLOS RENDON ESCOBAR;ZC004;BLANDON LISET JOHANA TIEN LISET;CALLE  62 # 34 - 86;TIELIS01;09/03/2011;3;0;0;0;525;0;0;0;Q HUBO;30/03/2011;0;0;0
JUAN CARLOS RENDON ESCOBAR;ZC004;TIENDA LA PUERTA;CR 30C #65 63;TIEPUE01;05/03/2011;15;0;0;0;800;0;0;0;Q HUBO;30/03/2011;0;0;0
JUAN CARLOS RENDON ESCOBAR;ZC004;TIENDA LA PUERTA;CR 30C #65 63;TIEPUE01;07/03/2011;12;0;0;0;525;0;0;0;Q HUBO;30/03/2011;0;0;0
JUAN CARLOS RENDON ESCOBAR;ZC004;TIENDA LA PUERTA;CR 30C #65 63;TIEPUE01;08/03/2011;12;0;0;0;525;0;0;0;Q HUBO;30/03/2011;0;0;0
JUAN CARLOS RENDON ESCOBAR;ZC004;TIENDA LA PUERTA;CR 30C #65 63;TIEPUE01;09/03/2011;12;0;0;0;525;0;0;0;Q HUBO;30/03/2011;0;0;0
JUAN CARLOS RENDON ESCOBAR;ZC004;FRANCO PATRICIA-PAPE PRAXIS;CR 25A #62 36;PAPPRA01;07/03/2011;3;0;0;0;525;0;0;0;Q HUBO;30/03/2011;0;0;0
JUAN CARLOS RENDON ESCOBAR;ZC004;FRANCO PATRICIA-PAPE PRAXIS;CR 25A #62 36;PAPPRA01;08/03/2011;3;0;0;0;525;0;0;0;Q HUBO;30/03/2011;0;0;0
JUAN CARLOS RENDON ESCOBAR;ZC004;FRANCO PATRICIA-PAPE PRAXIS;CR 25A #62 36;PAPPRA01;09/03/2011;3;0;0;0;525;0;0;0;Q HUBO;30/03/2011;0;0;0
JUAN CARLOS RENDON ESCOBAR;ZC004;DROGUERIA ALFREDO;MZA. 41 #7 32 LA PRADERA;DROALF01;03/02/2011;15;0;0;0;525;0;0;0;Q HUBO;30/03/2011;0;0;0
JUAN CARLOS RENDON ESCOBAR;ZC004;DROGUERIA ALFREDO;MZA. 41 #7 32 LA PRADERA;DROALF01;04/02/2011;15;0;0;0;525;0;0;0;Q HUBO;30/03/2011;0;0;0
JUAN CARLOS RENDON ESCOBAR;ZC004;DROGUERIA ALFREDO;MZA. 41 #7 32 LA PRADERA;DROALF01;05/02/2011;10;0;0;0;800;0;0;0;Q HUBO;30/03/2011;0;0;0
JUAN CARLOS RENDON ESCOBAR;ZC004;DROGUERIA ALFREDO;MZA. 41 #7 32 LA PRADERA;DROALF01;07/02/2011;15;0;0;0;525;0;0;0;Q HUBO;30/03/2011;0;0;0
JUAN CARLOS RENDON ESCOBAR;ZC004;DROGUERIA ALFREDO;MZA. 41 #7 32 LA PRADERA;DROALF01;08/02/2011;15;0;0;0;525;0;0;0;Q HUBO;30/03/2011;0;0;0
JUAN CARLOS RENDON ESCOBAR;ZC004;DROGUERIA ALFREDO;MZA. 41 #7 32 LA PRADERA;DROALF01;09/02/2011;15;0;0;0;525;0;0;0;Q HUBO;30/03/2011;0;0;0
JUAN CARLOS RENDON ESCOBAR;ZC004;DROGUERIA ALFREDO;MZA. 41 #7 32 LA PRADERA;DROALF01;10/02/2011;15;0;0;0;525;0;0;0;Q HUBO;30/03/2011;0;0;0
JUAN CARLOS RENDON ESCOBAR;ZC004;DROGUERIA ALFREDO;MZA. 41 #7 32 LA PRADERA;DROALF01;11/02/2011;15;0;0;0;525;0;0;0;Q HUBO;30/03/2011;0;0;0
JUAN CARLOS RENDON ESCOBAR;ZC004;GABRIEL CARDENAS;CRA 23 # 46 - 99;GABCAR01;23/02/2011;6;0;0;0;525;0;0;0;Q HUBO;30/03/2011;0;0;0
JUAN CARLOS RENDON ESCOBAR;ZC004;COMERCIALIZADORA RUDA  FLORIDA;LA FLORIDA VARIANTE AL SEMINAR;COMERU01;02/03/2011;5;0;0;0;525;0;0;0;Q HUBO;30/03/2011;0;0;0
JUAN CARLOS RENDON ESCOBAR;ZC004;COMERCIALIZADORA RUDA  FLORIDA;LA FLORIDA VARIANTE AL SEMINAR;COMERU01;03/03/2011;5;0;0;0;525;0;0;0;Q HUBO;30/03/2011;0;0;0
JUAN CARLOS RENDON ESCOBAR;ZC004;MISCELANEA DON VICTOR   VILLAMARIA;CR 5 # 7-12 DIAGONAL A BANCAFE;MISVIC01;26/02/2011;40;0;0;0;800;0;0;0;Q HUBO;30/03/2011;0;0;0
JUAN CARLOS RENDON ESCOBAR;ZC004;MISCELANEA DON VICTOR   VILLAMARIA;CR 5 # 7-12 DIAGONAL A BANCAFE;MISVIC01;28/02/2011;35;0;0;0;525;0;0;0;Q HUBO;30/03/2011;0;0;0
JUAN CARLOS RENDON ESCOBAR;ZC004;MISCELANEA DON VICTOR   VILLAMARIA;CR 5 # 7-12 DIAGONAL A BANCAFE;MISVIC01;01/03/2011;20;0;0;0;525;0;0;0;Q HUBO;30/03/2011;0;0;0
JUAN CARLOS RENDON ESCOBAR;ZC004;MISCELANEA DON VICTOR   VILLAMARIA;CR 5 # 7-12 DIAGONAL A BANCAFE;MISVIC01;02/03/2011;20;0;0;0;525;0;0;0;Q HUBO;30/03/2011;0;0;0
JUAN CARLOS RENDON ESCOBAR;ZC004;MISCELANEA DON VICTOR   VILLAMARIA;CR 5 # 7-12 DIAGONAL A BANCAFE;MISVIC01;03/03/2011;20;0;0;0;525;0;0;0;Q HUBO;30/03/2011;0;0;0
JUAN CARLOS RENDON ESCOBAR;ZC004;MISCELANEA DON VICTOR   VILLAMARIA;CR 5 # 7-12 DIAGONAL A BANCAFE;MISVIC01;04/03/2011;20;0;0;0;525;0;0;0;Q HUBO;30/03/2011;0;0;0
JUAN CARLOS RENDON ESCOBAR;ZC004;MISCELANEA DON VICTOR   VILLAMARIA;CR 5 # 7-12 DIAGONAL A BANCAFE;MISVIC01;07/03/2011;20;0;0;0;525;0;0;0;Q HUBO;30/03/2011;0;0;0
